#FILE,NUM_FOUND,aap/aspU,afaA,afaB-I,afaC-I,afaD,afaE-I,afaE-V,afaF-III,afaF-VII,agg3A,agg3B,agg3C,agg3D,aggB,aggC,aggD,aslA,astA,cesAB,cesD,cesD2,cesL,cesT,chuA,chuS,chuT,chuU,chuV,chuW,chuX,chuY,cif,cnf1,daaF,draA,draB,draC,draD,draE2,draP,eae,eltA,eltB,entA,entB,entC,entD,entE,entF,entS,escC,escD,escE,escF,escG,escI,escJ,escL,escN,escO,escP,escR,escS,escT,escU,escV,espA,espB,espD,espG,espJ,espL1,espL4,espM2,espR1,espR3,espW,espX1,espX2,espX4,espX5,espY1,espY2,espY3,espY4,etgA,etpB,faeD,faeE,faeF,faeJ,fdeC,fepA,fepB,fepC,fepD,fepG,fes,fimA,fimB,fimC,fimD,fimE,fimF,fimG,fimH,fimI,focA,focC,focD,focG,fyuA,gspC,gspD,gspE,gspF,gspG,gspH,gspI,gspJ,gspK,gspL,gspM,gtrA,hlyA,hlyB,hlyC,hlyD,iroB,iroC,iroD,iroE,iroN,irp1,irp2,iucA,iucB,iucC,iucD,iutA,kpsD,kpsM,kpsT,map,nleA,nleA/espI,nleB2,nleG7',nleH1,ompA,papB,papC,papD,papE,papF,papG,papH,papI,papJ,papK,papX,pet,pic,sat,senB,sepD,sepL,sepQ/escQ,sepZ/espZ,sfaB,sfaC,sfaD,sfaG,sfaY,shuA,shuS,shuT,shuX,sigA,tcpC,tir,vat,yagV/ecpE,yagW/ecpD,yagX/ecpC,yagY/ecpB,yagZ/ecpA,ybtA,ybtE,ybtP,ybtQ,ybtS,ybtT,ybtU,ybtX,ykgK/ecpR
cM10a.fasta,59,.,.,.,.,.,.,.,.,.,.,.,.,.,.,.,.,.,.,.,.,.,.,.,.,.,.,.,.,.,.,.,.,.,.,.,.,.,.,.,.,.,.,.,100,100,100,100,100,99.28,100,.,.,.,.,.,.,.,.,.,.,.,.,.,.,.,.,.,.,.,.,.,99.95,.,.,83.81,.,.,100,.,.,100,.,.,.,.,.,.,.,.,.,.,99.76,100,100,100,100,100,100,99.83,.,100,100,100,100,100,100,100,.,.,.,.,100,100,100,100,100,100,100,100,100,100,100,100,.,.,.,.,.,.,.,.,.,.,100,100,100,100,100,98.8,.,.,.,.,.,.,.,.,.,.,100,.,.,.,.,.,.,.,.,.,.,.,.,.,.,.,.,.,.,.,.,.,.,.,.,.,.,.,.,.,.,.,.,99.74,100,100,100,100,100,100,100,100,100,100,100,100,100
cM12a.fasta,29,.,.,.,.,.,.,.,.,.,.,.,.,.,.,.,.,100,.,.,.,.,.,.,.,.,.,.,.,.,.,.,.,.,.,.,.,.,.,.,.,.,.,.,100,100,100,100,100,99.28,100,.,.,.,.,.,.,.,.,.,.,.,.,.,.,.,.,.,.,.,.,.,.,.,.,83.73,.,.,99.93,.,99.94,100,.,.,.,.,.,.,.,.,.,.,.,100,100,100,100,100,100,.,.,.,81.08,.,100,100,100,.,.,.,.,.,.,.,.,.,.,.,.,.,.,.,.,.,.,.,.,.,.,.,.,.,.,.,.,.,.,.,.,.,.,.,.,.,.,.,.,.,.,.,100,.,.,.,.,.,.,.,.,.,.,.,.,.,.,.,.,.,.,.,.,.,.,.,.,.,.,.,.,.,.,.,.,99.74,100,99.96,100,100,.,.,.,.,.,.,.,.,100
cM19a.fasta,29,.,.,.,.,.,.,.,.,.,.,.,.,.,.,.,.,100,.,.,.,.,.,.,.,.,.,.,.,.,.,.,.,.,.,.,.,.,.,.,.,.,.,.,100,100,100,100,100,99.28,100,.,.,.,.,.,.,.,.,.,.,.,.,.,.,.,.,.,.,.,.,.,.,.,.,83.73,.,.,99.93,.,99.94,100,.,.,.,.,.,.,.,.,.,.,.,100,100,100,100,100,100,.,.,.,81.08,.,100,100,100,.,.,.,.,.,.,.,.,.,.,.,.,.,.,.,.,.,.,.,.,.,.,.,.,.,.,.,.,.,.,.,.,.,.,.,.,.,.,.,.,.,.,.,100,.,.,.,.,.,.,.,.,.,.,.,.,.,.,.,.,.,.,.,.,.,.,.,.,.,.,.,.,.,.,.,.,99.74,100,99.96,100,100,.,.,.,.,.,.,.,.,100
cM20a.fasta,29,.,.,.,.,.,.,.,.,.,.,.,.,.,.,.,.,100,.,.,.,.,.,.,.,.,.,.,.,.,.,.,.,.,.,.,.,.,.,.,.,.,.,.,100,100,100,100,100,99.28,100,.,.,.,.,.,.,.,.,.,.,.,.,.,.,.,.,.,.,.,.,.,.,.,.,83.73,.,.,99.93,.,99.94,100,.,.,.,.,.,.,.,.,.,.,.,100,100,100,100,100,100,.,.,.,81.08,.,100,100,100,.,.,.,.,.,.,.,.,.,.,.,.,.,.,.,.,.,.,.,.,.,.,.,.,.,.,.,.,.,.,.,.,.,.,.,.,.,.,.,.,.,.,.,100,.,.,.,.,.,.,.,.,.,.,.,.,.,.,.,.,.,.,.,.,.,.,.,.,.,.,.,.,.,.,.,.,99.74,100,99.96,100,100,.,.,.,.,.,.,.,.,100
cM2a.fasta,29,.,.,.,.,.,.,.,.,.,.,.,.,.,.,.,.,100,.,.,.,.,.,.,.,.,.,.,.,.,.,.,.,.,.,.,.,.,.,.,.,.,.,.,100,100,100,100,100,99.28,100,.,.,.,.,.,.,.,.,.,.,.,.,.,.,.,.,.,.,.,.,.,.,.,.,83.73,.,.,99.93,.,99.94,100,.,.,.,.,.,.,.,.,.,.,.,100,100,100,100,100,100,.,.,.,81.08,.,100,100,100,.,.,.,.,.,.,.,.,.,.,.,.,.,.,.,.,.,.,.,.,.,.,.,.,.,.,.,.,.,.,.,.,.,.,.,.,.,.,.,.,.,.,.,100,.,.,.,.,.,.,.,.,.,.,.,.,.,.,.,.,.,.,.,.,.,.,.,.,.,.,.,.,.,.,.,.,99.74,100,99.96,100,100,.,.,.,.,.,.,.,.,100
cM34a.fasta,52,.,.,.,.,.,.,.,.,.,.,.,.,.,.,.,.,100,.,.,.,.,.,.,.,.,.,.,.,.,.,.,.,.,.,.,.,.,.,.,.,.,.,.,100,100,100,100,100,99.28,100,.,.,.,.,.,.,.,.,.,.,.,.,.,.,.,.,.,.,.,.,.,100,100,.,83.73,.,.,.,.,99.94,100,.,.,.,.,.,.,.,.,.,.,99.88,100,100,100,100,100,100,.,100,100,100,99.66,100,100,100,100,.,.,.,.,100,.,.,.,.,.,.,.,.,.,.,.,.,.,.,.,.,.,.,.,.,.,100,100,.,.,.,100,100,.,.,.,.,.,.,.,.,.,100,.,.,.,.,.,.,.,.,.,.,.,84.21,100,100,99.91,.,.,.,.,.,.,.,.,.,.,.,.,.,.,.,.,.,99.74,100,100,100,100,100,100,100,100,100,100,100,100,100
cM35a.fasta,100,.,.,.,.,.,.,.,.,.,.,.,.,.,.,.,.,100,.,.,.,.,.,.,100,100,100,100,100,100,100,100,.,100,.,.,.,.,.,.,.,.,.,.,100,100,100,100,100,100,100,.,.,.,.,.,.,.,.,.,.,.,.,.,.,.,.,.,.,.,.,.,.,.,.,.,.,.,.,.,.,.,.,.,.,.,.,.,.,.,.,.,100,100,100,100,100,100,100,100,100,100,100,100,100,100,100,100,100,100,100,100,100,100,100,100,100,100,100,100,100,100,100,99.76,.,100,100,99.85,100,100,100,100,100,100,100,100,100,100,100,98.8,.,100,100,.,.,.,.,.,.,.,100,99.68;99.68,100,100,.,100,100,100,100.00;100.00,100,100,100,.,100,100,.,.,.,.,.,100,100,100,94.89,100,.,.,.,.,.,100,.,100,99.74,100,100,100,100,100,100,100,100,100,100,100,100,100
cM3a.fasta,29,.,.,.,.,.,.,.,.,.,.,.,.,.,.,.,.,100,.,.,.,.,.,.,.,.,.,.,.,.,.,.,.,.,.,.,.,.,.,.,.,.,.,.,100,100,100,100,100,99.28,100,.,.,.,.,.,.,.,.,.,.,.,.,.,.,.,.,.,.,.,.,.,.,.,.,83.73,.,.,99.93,.,99.94,100,.,.,.,.,.,.,.,.,.,.,.,100,100,100,100,100,100,.,.,.,81.08,.,100,100,100,.,.,.,.,.,.,.,.,.,.,.,.,.,.,.,.,.,.,.,.,.,.,.,.,.,.,.,.,.,.,.,.,.,.,.,.,.,.,.,.,.,.,.,100,.,.,.,.,.,.,.,.,.,.,.,.,.,.,.,.,.,.,.,.,.,.,.,.,.,.,.,.,.,.,.,.,99.74,100,99.96,100,100,.,.,.,.,.,.,.,.,100
cM41a.fasta,69,.,.,.,.,.,.,.,.,.,.,.,.,.,.,.,.,100,.,.,.,.,.,.,.,100,100,100,100,100,.,100,.,.,.,.,.,.,.,.,.,.,.,.,100,100,100,100,100,99.28,100,.,.,.,.,.,.,.,.,.,.,.,.,.,.,.,.,.,.,.,.,.,100,.,.,99.29,.,.,99.93,.,100,.,99.47,100,.,.,.,.,.,.,.,.,99.76,100,100,100,100,100,100,.,.,.,.,.,.,.,.,.,.,.,.,.,100,100,100,100,100,100,100,100,100,100,100,99.76,.,.,.,.,.,.,.,.,.,.,100,100,100,100,100,98.8,.,100,100,.,.,.,.,.,.,.,100,99.68,.,.,.,.,.,.,100,.,.,100,.,.,100,99.91,.,.,.,.,.,.,.,.,.,100,.,.,100,.,.,.,.,99.74,100,100,100,100,100,100,100,100,100,100,100,100,100
cM42a.fasta,69,.,.,.,.,.,.,.,.,.,.,.,.,.,.,.,.,100,.,.,.,.,.,.,.,100,100,100,100,100,.,100,.,.,.,.,.,.,.,.,.,.,.,.,100,100,100,100,100,99.28,100,.,.,.,.,.,.,.,.,.,.,.,.,.,.,.,.,.,.,.,.,.,100,.,.,99.29,.,.,99.93,.,100,.,99.47,100,.,.,.,.,.,.,.,.,99.76,100,100,100,100,100,100,.,.,.,.,.,.,.,.,.,.,.,.,.,100,100,100,100,100,100,100,100,100,100,100,99.76,.,.,.,.,.,.,.,.,.,.,100,100,100,100,100,98.8,.,100,100,.,.,.,.,.,.,.,100,99.68,.,.,.,.,.,.,100,.,.,100,.,.,100,99.91,.,.,.,.,.,.,.,.,.,100,.,.,100,.,.,.,.,99.74,100,100,100,100,100,100,100,100,100,100,100,100,100
cM42b.fasta,52,.,.,.,.,.,.,.,.,.,.,.,.,.,.,.,.,100,.,.,.,.,.,.,.,.,.,.,.,.,.,.,.,.,.,.,.,.,.,.,.,.,.,.,100,100,100,100,100,99.28,100,.,.,.,.,.,.,.,.,.,.,.,.,.,.,.,.,.,.,.,.,.,100,100,.,83.73,.,.,.,.,99.94,100,.,.,.,.,.,.,.,.,.,.,99.88,100,100,100,100,100,100,.,100,100,100,99.66,100,100,100,100,.,.,.,.,100,.,.,.,.,.,.,.,.,.,.,.,.,.,.,.,.,.,.,.,.,.,100,100,.,.,.,100,100,.,.,.,.,.,.,.,.,.,100,.,.,.,.,.,.,.,.,.,.,.,84.21,100,100,99.91,.,.,.,.,.,.,.,.,.,.,.,.,.,.,.,.,.,99.74,100,100,100,100,100,100,100,100,100,100,100,100,100
cM44b.fasta,29,.,.,.,.,.,.,.,.,.,.,.,.,.,.,.,.,100,.,.,.,.,.,.,.,.,.,.,.,.,.,.,.,.,.,.,.,.,.,.,.,.,.,.,100,100,100,100,100,99.28,100,.,.,.,.,.,.,.,.,.,.,.,.,.,.,.,.,.,.,.,.,.,.,.,.,83.73,.,.,99.93,.,99.94,100,.,.,.,.,.,.,.,.,.,.,.,100,100,100,100,100,100,.,.,.,81.08,.,100,100,100,.,.,.,.,.,.,.,.,.,.,.,.,.,.,.,.,.,.,.,.,.,.,.,.,.,.,.,.,.,.,.,.,.,.,.,.,.,.,.,.,.,.,.,100,.,.,.,.,.,.,.,.,.,.,.,.,.,.,.,.,.,.,.,.,.,.,.,.,.,.,.,.,.,.,.,.,99.74,100,99.96,100,100,.,.,.,.,.,.,.,.,100
cM59a.fasta,47,.,.,.,.,.,.,.,.,.,.,.,.,.,.,.,.,100,.,.,.,.,.,.,.,.,.,.,.,.,.,.,.,.,.,.,.,.,.,.,.,.,.,.,100,100,100,100,100,99.28,100,.,.,.,.,.,.,.,.,.,.,.,.,.,.,.,.,.,.,.,.,.,100,100,.,83.65,.,.,100,.,99.94,100,.,.,.,.,.,.,.,.,.,.,99.88,100,100,100,100,100,100,.,100,100,100,99.66,100,100,100,100,.,.,.,.,.,100,100,100,100,100,99.81,100,100,100,100,100,.,.,.,.,.,.,.,.,.,.,.,.,.,.,.,.,.,.,.,.,.,.,.,.,.,.,100,.,.,.,.,.,.,.,.,.,.,.,.,.,.,.,.,.,.,.,.,.,.,.,.,.,.,.,.,.,.,.,.,99.74,100,100,100,100,.,.,.,.,.,.,.,.,100
cM59b.fasta,29,.,.,.,.,.,.,.,.,.,.,.,.,.,.,.,.,100,.,.,.,.,.,.,.,.,.,.,.,.,.,.,.,.,.,.,.,.,.,.,.,.,.,.,100,100,100,100,100,99.28,100,.,.,.,.,.,.,.,.,.,.,.,.,.,.,.,.,.,.,.,.,.,.,.,.,83.73,.,.,99.93,.,99.94,100,.,.,.,.,.,.,.,.,.,.,.,100,100,100,100,100,100,.,.,.,81.08,.,100,100,100,.,.,.,.,.,.,.,.,.,.,.,.,.,.,.,.,.,.,.,.,.,.,.,.,.,.,.,.,.,.,.,.,.,.,.,.,.,.,.,.,.,.,.,100,.,.,.,.,.,.,.,.,.,.,.,.,.,.,.,.,.,.,.,.,.,.,.,.,.,.,.,.,.,.,.,.,99.74,100,99.96,100,100,.,.,.,.,.,.,.,.,100
cM5a.fasta,29,.,.,.,.,.,.,.,.,.,.,.,.,.,.,.,.,100,.,.,.,.,.,.,.,.,.,.,.,.,.,.,.,.,.,.,.,.,.,.,.,.,.,.,100,100,100,100,100,99.28,100,.,.,.,.,.,.,.,.,.,.,.,.,.,.,.,.,.,.,.,.,.,.,.,.,83.73,.,.,99.93,.,99.94,100,.,.,.,.,.,.,.,.,.,.,.,100,100,100,100,100,100,.,.,.,81.08,.,100,100,100,.,.,.,.,.,.,.,.,.,.,.,.,.,.,.,.,.,.,.,.,.,.,.,.,.,.,.,.,.,.,.,.,.,.,.,.,.,.,.,.,.,.,.,100,.,.,.,.,.,.,.,.,.,.,.,.,.,.,.,.,.,.,.,.,.,.,.,.,.,.,.,.,.,.,.,.,99.74,100,99.96,100,100,.,.,.,.,.,.,.,.,100
cM7b.fasta,29,.,.,.,.,.,.,.,.,.,.,.,.,.,.,.,.,100,.,.,.,.,.,.,.,.,.,.,.,.,.,.,.,.,.,.,.,.,.,.,.,.,.,.,100,100,100,100,100,99.28,100,.,.,.,.,.,.,.,.,.,.,.,.,.,.,.,.,.,.,.,.,.,.,.,.,83.73,.,.,99.93,.,99.94,100,.,.,.,.,.,.,.,.,.,.,.,100,100,100,100,100,100,.,.,.,81.08,.,100,100,100,.,.,.,.,.,.,.,.,.,.,.,.,.,.,.,.,.,.,.,.,.,.,.,.,.,.,.,.,.,.,.,.,.,.,.,.,.,.,.,.,.,.,.,100,.,.,.,.,.,.,.,.,.,.,.,.,.,.,.,.,.,.,.,.,.,.,.,.,.,.,.,.,.,.,.,.,99.74,100,99.96,100,100,.,.,.,.,.,.,.,.,100
cM8a.fasta,52,.,.,.,.,.,.,.,.,.,.,.,.,.,.,.,.,100,.,.,.,.,.,.,.,.,.,.,.,.,.,.,.,.,.,.,.,.,.,.,.,.,.,.,100,100,100,100,100,99.28,100,.,.,.,.,.,.,.,.,.,.,.,.,.,.,.,.,.,.,.,.,.,100,100,.,83.73,.,.,.,.,99.94,100,.,.,.,.,.,.,.,.,.,.,99.88,100,100,100,100,100,100,.,100,100,100,99.66,100,100,100,100,.,.,.,.,100,.,.,.,.,.,.,.,.,.,.,.,.,.,.,.,.,.,.,.,.,.,100,100,.,.,.,100,100,.,.,.,.,.,.,.,.,.,100,.,.,.,.,.,.,.,.,.,.,.,100,100,100,99.91,.,.,.,.,.,.,.,.,.,.,.,.,.,.,.,.,.,99.74,100,100,100,100,100,100,100,100,100,100,100,100,100
cM9b.fasta,52,.,.,.,.,.,.,.,.,.,.,.,.,.,.,.,.,100,.,.,.,.,.,.,.,.,.,.,.,.,.,.,.,.,.,.,.,.,.,.,.,.,.,.,100,100,100,100,100,99.28,100,.,.,.,.,.,.,.,.,.,.,.,.,.,.,.,.,.,.,.,.,.,100,100,.,83.73,.,.,.,.,99.94,100,.,.,.,.,.,.,.,.,.,.,99.88,100,100,100,100,100,100,.,100,100,100,99.66,100,100,100,100,.,.,.,.,100,.,.,.,.,.,.,.,.,.,.,.,.,.,.,.,.,.,.,.,.,.,100,100,.,.,.,100,100,.,.,.,.,.,.,.,.,.,100,.,.,.,.,.,.,.,.,.,.,.,84.21,100,100,99.91,.,.,.,.,.,.,.,.,.,.,.,.,.,.,.,.,.,99.74,100,100,100,100,100,100,100,100,100,100,100,100,100
cS100a.fasta,65,.,.,.,.,.,.,.,.,100,.,.,.,.,.,.,.,100,100,.,.,.,.,.,.,.,.,.,.,.,.,.,.,.,.,.,.,.,.,.,.,.,.,.,100,100,100,100,100,99.28,100,.,.,.,.,.,.,.,.,.,.,.,.,.,.,.,.,.,.,.,.,.,100,100,.,83.73,.,.,100,.,99.94,100,.,.,.,.,.,.,.,.,.,.,99.88,100,100,100,100,100,100,99.83,100,100,100,100,100,100,100,100,.,.,.,.,100,100,100,100,100,100,100,100,100,100,100,100,.,.,.,.,.,.,.,.,.,.,100,100,100,100,100,98.8,.,.,.,.,.,.,.,.,.,.,100,.,.,.,.,.,.,.,.,.,.,.,.,.,.,.,.,.,.,.,.,.,.,.,.,.,.,.,.,.,.,.,.,99.74,100,100,100,100,100,100,100,100,100,100,100,100,100
cS103a.fasta,72,.,.,.,.,.,.,.,.,.,.,.,.,.,.,.,.,100,100,.,.,.,.,.,.,100,.,.,.,.,.,.,.,.,.,.,.,.,.,.,.,.,.,.,100,100,100,85.86,100,100,100,.,.,.,.,.,.,.,.,.,.,.,.,.,.,.,.,.,.,.,.,.,.,.,.,.,.,.,.,.,.,.,.,.,.,.,.,.,.,.,.,.,99.93,100,100,100,100,100,100,99.83,.,100,100,100,100,100,100,100,.,.,.,.,100,100,100,100,100,100,100,100,100,100,100,99.76,.,.,.,.,.,.,.,.,.,.,100,100,100,100,100,98.8,.,100,100,.,.,.,.,.,.,.,100,100,100,100,.,100,100,100,100.00;100.00,100,100,100,.,.,100,99.91,.,.,.,.,.,.,.,.,.,.,.,.,.,.,.,.,.,99.74,100,100,100,100,100,100,100,100,100,100,100,100,100
cS104a.fasta,78,.,.,.,.,.,.,.,.,.,.,.,.,.,.,.,.,100,.,.,.,.,.,.,100,100,100,100,100,100,100,100,.,.,.,.,.,.,.,.,.,.,.,.,100,100,100,85.86,100,100,100,.,.,.,.,.,.,.,.,.,.,.,.,.,.,.,.,.,.,.,.,.,.,.,.,.,.,.,.,.,.,.,.,.,.,.,.,.,.,.,.,.,99.93,100,100,100,100,100,100,99.83,.,100,100,100,100,100,100,100,.,.,.,.,100,100,100,100,100,100,100,100,100,100,100,99.05,.,.,.,.,.,.,.,.,.,.,100,100,100,100,100,98.8,.,100,100,.,.,.,.,.,.,.,100,99.68,100,100,.,100,100,91.67,100.00;100.00,100,100,100.00;100.00,.,.,100,99.91,.,.,.,.,.,.,.,.,.,.,.,.,.,.,.,.,.,99.74,100,100,100,100,100,100,100,100,100,100,100,100,100
cS107a.fasta,37,.,.,.,.,.,.,.,.,.,.,.,.,.,.,.,.,.,.,.,.,.,.,.,.,.,.,.,.,.,.,.,.,.,.,.,.,.,.,.,.,.,.,.,100,100,100,100,100,99.28,100,.,.,.,.,.,.,.,.,.,.,.,.,.,.,.,.,.,.,.,.,.,100,.,.,83.81,.,.,100,.,99.94,100,.,.,.,.,.,.,.,.,.,.,99.76,100,100,100,100,100,100,.,.,.,.,.,.,.,.,.,.,.,.,.,.,100,100,100,100,100,100,100,100,100,100,100,.,.,.,.,.,.,.,.,.,.,.,.,.,.,.,.,.,.,.,.,.,.,.,.,.,.,100,.,.,.,.,.,.,.,.,.,.,.,.,.,.,.,.,.,.,.,.,.,.,.,.,.,.,.,.,.,.,.,.,99.74,100,100,100,100,.,.,.,.,.,.,.,.,100
cS108a.fasta,46,.,.,.,.,.,.,.,.,.,.,.,.,.,.,.,.,.,.,.,.,.,.,.,.,.,.,.,.,.,.,.,.,.,.,.,.,.,.,.,.,.,.,.,100,100,100,100,100,98.66,100,.,.,.,.,.,.,.,.,.,.,.,.,.,.,.,.,.,.,.,.,.,98.42,.,.,83.81,.,.,99.93,.,99.94,100,.,.,.,.,.,.,.,.,.,.,99.76,100,100,100,100,100,100,100,100,100,100,100,100,100,100,100,.,.,.,.,.,100,100,100,100,100,100,100,100,100,100,100,.,.,.,.,.,.,.,.,.,.,.,.,.,.,.,.,.,.,.,.,.,.,.,.,.,.,100,.,.,.,.,.,.,.,.,.,.,.,.,.,.,.,.,.,.,.,.,.,.,.,.,.,.,.,.,.,.,.,.,99.74,100,100,100,100,.,.,.,.,.,.,.,.,100
cS109a.fasta,46,.,.,.,.,.,.,.,.,.,.,.,.,.,.,.,.,.,.,.,.,.,.,.,.,.,.,.,.,.,.,.,.,.,.,.,.,.,.,.,.,.,.,.,100,100,100,100,100,98.66,100,.,.,.,.,.,.,.,.,.,.,.,.,.,.,.,.,.,.,.,.,.,98.42,.,.,83.81,.,.,99.93,.,99.94,100,.,.,.,.,.,.,.,.,.,.,99.76,100,100,100,100,100,100,100,100,100,100,100,100,100,100,100,.,.,.,.,.,100,100,100,100,100,100,100,100,100,100,100,.,.,.,.,.,.,.,.,.,.,.,.,.,.,.,.,.,.,.,.,.,.,.,.,.,.,100,.,.,.,.,.,.,.,.,.,.,.,.,.,.,.,.,.,.,.,.,.,.,.,.,.,.,.,.,.,.,.,.,99.74,100,100,100,100,.,.,.,.,.,.,.,.,100
cS10a.fasta,47,.,.,.,.,.,.,.,.,.,.,.,.,.,.,.,.,100,.,.,.,.,.,.,.,.,.,.,.,.,.,.,.,.,.,.,.,.,.,.,.,.,.,.,100,100,100,100,100,99.28,100,.,.,.,.,.,.,.,.,.,.,.,.,.,.,.,.,.,.,.,.,.,100,100,.,83.65,.,.,100,.,99.94,100,.,.,.,.,.,.,.,.,.,.,99.88,100,100,100,100,100,100,.,100,100,100,99.66,100,100,100,100,.,.,.,.,.,100,100,100,100,100,99.81,100,100,100,100,100,.,.,.,.,.,.,.,.,.,.,.,.,.,.,.,.,.,.,.,.,.,.,.,.,.,.,100,.,.,.,.,.,.,.,.,.,.,.,.,.,.,.,.,.,.,.,.,.,.,.,.,.,.,.,.,.,.,.,.,99.74,100,100,100,100,.,.,.,.,.,.,.,.,100
cS113a.fasta,49,100,.,.,.,.,.,.,.,.,.,.,.,.,100,100,100,.,.,.,.,.,.,.,.,.,.,.,.,.,.,.,.,.,.,.,.,.,.,.,.,.,.,.,100,100,100,100,100,99.28,100,.,.,.,.,.,.,.,.,.,.,.,.,.,.,.,.,.,.,.,.,.,100,.,.,83.81,.,.,.,.,99.87,100,.,.,.,.,.,.,.,.,.,.,99.88,100,100,100,100,100,100,.,100,100,100,99.66,100,100,100,100,.,.,.,.,.,100,100,100,100,100,100,100,100,100,100,100,.,.,.,.,.,.,.,.,.,.,.,.,.,.,.,.,.,.,.,.,.,.,.,.,.,.,100,.,.,.,.,.,.,.,.,.,.,100,.,.,.,.,.,.,.,.,.,.,.,.,.,.,.,.,.,.,.,.,.,99.74,100,100,100,100,.,.,.,.,.,.,.,.,100
cS115a.fasta,37,.,.,.,.,.,.,.,.,.,.,.,.,.,.,.,.,.,.,.,.,.,.,.,.,.,.,.,.,.,.,.,.,.,.,.,.,.,.,.,.,.,.,.,100,100,100,100,100,99.28,100,.,.,.,.,.,.,.,.,.,.,.,.,.,.,.,.,.,.,.,.,.,100,.,.,83.81,.,.,100,.,99.94,100,.,.,.,.,.,.,.,.,.,.,99.76,100,100,100,100,100,100,.,.,.,.,.,.,.,.,.,.,.,.,.,.,100,100,100,100,100,100,100,100,100,100,100,.,.,.,.,.,.,.,.,.,.,.,.,.,.,.,.,.,.,.,.,.,.,.,.,.,.,100,.,.,.,.,.,.,.,.,.,.,.,.,.,.,.,.,.,.,.,.,.,.,.,.,.,.,.,.,.,.,.,.,99.74,100,100,100,100,.,.,.,.,.,.,.,.,100
cS116a.fasta,55,.,.,.,.,.,.,.,.,.,.,.,.,.,.,.,.,100,100,.,.,.,.,.,.,100,100,100,100,100,100,100,.,.,.,.,.,.,.,.,.,.,.,.,100,100,100,82.23,100,99.28,100,.,.,.,.,.,.,.,.,.,.,.,.,.,.,.,.,.,.,.,.,.,100,.,.,99.29,.,.,.,.,100,.,.,100,.,.,.,.,.,.,.,.,99.91,100,100,100,100,100,100,.,100,100,100,100,100,100,100,100,.,.,.,.,.,100,100,100,100,100,100,100,100,100,100,99.76,.,.,.,.,.,.,.,.,.,.,.,.,.,.,.,.,.,100,.,.,.,.,.,.,.,.,100,.,.,.,.,.,.,.,.,.,.,.,.,.,.,.,.,.,.,.,.,.,.,.,.,100,.,.,.,.,.,.,.,99.74,100,100,100,100,.,.,.,.,.,.,.,.,100
cS11a.fasta,47,.,.,.,.,.,.,.,.,.,.,.,.,.,.,.,.,100,.,.,.,.,.,.,.,.,.,.,.,.,.,.,.,.,.,.,.,.,.,.,.,.,.,.,100,100,100,100,100,99.28,100,.,.,.,.,.,.,.,.,.,.,.,.,.,.,.,.,.,.,.,.,.,100,100,.,83.65,.,.,100,.,99.94,100,.,.,.,.,.,.,.,.,.,.,99.88,100,100,100,100,100,100,.,100,100,100,99.66,100,100,100,100,.,.,.,.,.,100,100,100,100,100,99.81,100,100,100,100,100,.,.,.,.,.,.,.,.,.,.,.,.,.,.,.,.,.,.,.,.,.,.,.,.,.,.,100,.,.,.,.,.,.,.,.,.,.,.,.,.,.,.,.,.,.,.,.,.,.,.,.,.,.,.,.,.,.,.,.,99.74,100,100,100,100,.,.,.,.,.,.,.,.,100
cS129a.fasta,46,.,.,.,.,.,.,.,.,.,.,.,.,.,.,.,.,.,.,.,.,.,.,.,.,.,.,.,.,.,.,.,.,.,.,.,.,.,.,.,.,.,.,.,100,100,100,100,100,98.66,100,.,.,.,.,.,.,.,.,.,.,.,.,.,.,.,.,.,.,.,.,.,98.42,.,.,83.81,.,.,99.93,.,99.94,100,.,.,.,.,.,.,.,.,.,.,99.76,100,100,100,100,100,100,100,100,100,100,100,100,100,100,100,.,.,.,.,.,100,100,100,100,100,100,100,100,100,100,100,.,.,.,.,.,.,.,.,.,.,.,.,.,.,.,.,.,.,.,.,.,.,.,.,.,.,100,.,.,.,.,.,.,.,.,.,.,.,.,.,.,.,.,.,.,.,.,.,.,.,.,.,.,.,.,.,.,.,.,99.74,100,100,100,100,.,.,.,.,.,.,.,.,100
cS132a.fasta,76,100,.,.,.,100,.,.,100,.,.,.,.,.,.,.,.,100,100.00;100.00,.,.,.,.,.,.,100,.,100,100,100,.,100,.,.,.,100,100,100,.,.,100,.,.,.,100,100,100,100,100,99.28,100,.,.,.,.,.,.,.,.,.,.,.,.,.,.,.,.,.,.,.,.,.,100,100,.,99.44,.,.,100,.,100,100,99.47,100,100,100,.,.,.,93.05,100,100,100,100,100,100,100,100,100,.,.,.,.,.,.,.,.,.,.,.,.,.,100,100,100,100,100,100,100,100,100,100,100,99.76,.,.,.,.,.,.,.,.,.,.,100,100,.,.,.,.,.,100,100,.,.,.,.,.,.,.,100,.,.,.,.,.,.,.,.,.,.,100,.,.,.,.,.,.,.,.,.,.,.,.,.,100,.,100,100,.,.,.,.,99.74,100,100,100,100,100,100,100,100,100,100,100,100,100
cS142a.fasta,51,.,.,.,.,.,.,.,.,.,.,.,.,.,.,.,.,.,.,.,.,.,.,.,.,.,.,.,.,.,.,.,.,.,.,.,.,.,.,.,.,.,.,.,100,100,100,100,100,99.28,100,.,.,.,.,.,.,.,.,.,.,.,.,.,.,.,.,.,.,.,.,.,100,.,.,83.81,.,.,99.93,.,99.94,100,.,.,.,.,.,.,.,.,.,.,99.41,100,100,100,100,100,100,.,100,100,100,99.66,100,100,99.78,100,.,.,.,.,.,100,100,100,100,100,100,100,100,100,100,100,.,.,.,.,.,.,.,.,.,.,.,.,100,100,100,100,100,.,.,.,.,.,.,.,.,.,100,.,.,.,.,.,.,.,.,.,.,.,.,.,.,.,.,.,.,.,.,.,.,.,.,.,.,.,.,100,.,.,.,99.74,100,100,100,100,.,.,.,.,.,.,.,.,100
cS153a.fasta,63,100,.,.,.,.,.,.,.,.,.,.,.,.,.,.,.,100,100,.,.,.,.,.,.,.,.,100,100,100,.,100,.,.,.,.,.,.,.,.,.,.,.,.,100,100,100,100,100,99.28,100,.,.,.,.,.,.,.,.,.,.,.,.,.,.,.,.,.,.,.,.,.,100,100,.,99.29,.,.,100,100,100,100,.,.,100,100,.,.,.,.,.,.,99.76,100,100,100,100,100,100,100,100,100,100,100,100,100,100,100,.,.,.,.,.,100,100,100,100,100,100,100,100,100,100,99.76,.,.,.,.,.,.,.,.,.,.,.,.,.,.,.,.,.,100,100,.,.,.,.,.,.,.,100,.,.,.,.,.,.,.,.,.,.,.,.,.,.,.,.,.,.,.,.,.,.,.,.,100,100,100,100,.,.,.,.,99.74,100,100,100,100,.,.,.,.,.,.,.,.,100
cS157a.fasta,51,.,.,.,.,.,.,.,.,.,.,.,.,.,.,.,.,.,.,.,.,.,.,.,.,.,.,.,.,.,.,.,.,.,.,.,.,.,.,.,.,.,.,.,100,100,100,100,100,99.28,100,.,.,.,.,.,.,.,.,.,.,.,.,.,.,.,.,.,.,.,.,.,100,.,.,83.81,.,.,99.93,.,99.94,100,.,.,.,.,.,.,.,.,.,.,99.41,100,100,100,100,100,100,.,100,100,100,99.66,100,100,99.78,100,.,.,.,.,.,100,100,100,100,100,100,100,100,100,100,100,.,.,.,.,.,.,.,.,.,.,.,.,100,100,100,100,100,.,.,.,.,.,.,.,.,.,100,.,.,.,.,.,.,.,.,.,.,.,.,.,.,.,.,.,.,.,.,.,.,.,.,.,.,.,.,100,.,.,.,99.74,100,100,100,100,.,.,.,.,.,.,.,.,100
cS15a.fasta,79,.,.,.,.,.,.,.,.,.,.,.,.,.,.,.,.,100,100,.,.,.,.,.,100,100,100,100,100,100,100,100,.,.,.,.,.,.,.,.,.,.,.,.,100,100,100,85.86,100,100,100,.,.,.,.,.,.,.,.,.,.,.,.,.,.,.,.,.,.,.,.,.,.,.,.,.,.,.,.,.,.,.,.,.,.,.,.,.,.,.,.,.,99.93,100,100,100,100,100,100,99.83,.,100,100,100,100,100,100,100,.,.,.,.,100,100,100,100,100,100,100,100,100,100,100,99.76,.,.,.,.,.,.,.,.,.,.,100,100,100,100,100,98.8,.,100,100,.,.,.,.,.,.,.,100,100,100,100,.,100,100,100,100.00;100.00,100,100,100,.,.,100,99.91,.,.,.,.,.,.,.,.,.,.,.,.,.,.,.,.,.,99.74,100,100,100,100,100,100,100,100,100,100,100,100,100
cS162a.fasta,76,100,.,.,.,100,.,.,100,.,.,.,.,.,.,.,.,100,100.00;100.00,.,.,.,.,.,.,100,.,100,100,100,.,100,.,.,.,100,100,100,.,.,100,.,.,.,100,100,100,100,100,99.28,100,.,.,.,.,.,.,.,.,.,.,.,.,.,.,.,.,.,.,.,.,.,100,100,.,99.44,.,.,100,.,100,100,99.47,100,100,100,.,.,.,93.05,100,100,100,100,100,100,100,100,100,.,.,.,.,.,.,.,.,.,.,.,.,.,100,100,100,100,100,100,100,100,100,100,100,99.76,.,.,.,.,.,.,.,.,.,.,100,100,.,.,.,.,.,100,100,.,.,.,.,.,.,.,100,.,.,.,.,.,.,.,.,.,.,100,.,.,.,.,.,.,.,.,.,.,.,.,.,100,.,100,100,.,.,.,.,99.74,100,100,100,100,100,100,100,100,100,100,100,100,100
cS164a.fasta,46,.,.,.,.,.,.,.,.,.,.,.,.,.,.,.,.,.,.,.,.,.,.,.,.,.,.,.,.,.,.,.,.,.,.,.,.,.,.,.,.,.,.,.,100,100,100,100,100,98.66,100,.,.,.,.,.,.,.,.,.,.,.,.,.,.,.,.,.,.,.,.,.,98.42,.,.,83.81,.,.,99.93,.,99.94,100,.,.,.,.,.,.,.,.,.,.,99.76,100,100,100,100,100,100,100,100,100,100,100,100,100,100,100,.,.,.,.,.,100,100,100,100,100,100,100,100,100,100,100,.,.,.,.,.,.,.,.,.,.,.,.,.,.,.,.,.,.,.,.,.,.,.,.,.,.,100,.,.,.,.,.,.,.,.,.,.,.,.,.,.,.,.,.,.,.,.,.,.,.,.,.,.,.,.,.,.,.,.,99.74,100,100,100,100,.,.,.,.,.,.,.,.,100
cS165a.fasta,54,.,.,.,.,.,.,.,.,.,.,.,.,.,.,.,.,100,.,.,.,.,.,.,.,100,100,100,100,100,100,100,.,.,.,.,.,.,.,.,.,.,.,.,100,100,100,82.23,100,99.28,100,.,.,.,.,.,.,.,.,.,.,.,.,.,.,.,.,.,.,.,.,.,100,.,.,99.29,.,.,.,.,100,.,.,100,.,.,.,.,.,.,.,.,99.91,100,100,100,100,100,100,.,100,100,100,100,100,100,100,100,.,.,.,.,.,100,100,100,100,100,100,100,100,100,100,99.76,.,.,.,.,.,.,.,.,.,.,.,.,.,.,.,.,.,100,.,.,.,.,.,.,.,.,100,.,.,.,.,.,.,.,.,.,.,.,.,.,.,.,.,.,.,.,.,.,.,.,.,100,.,.,.,.,.,.,.,99.74,100,100,100,100,.,.,.,.,.,.,.,.,100
cS168a.fasta,85,.,100,100,100,100,.,.,.,.,.,.,.,.,.,.,.,100,.,.,.,.,.,.,100,100,100,100,100,100,100,100,.,.,100,.,.,.,.,.,100,.,.,.,100,100,100,85.86,100,99.28,100,.,.,.,.,.,.,.,.,.,.,.,.,.,.,.,.,.,.,.,.,.,.,.,.,.,.,.,.,.,.,.,.,.,.,.,.,.,.,.,.,.,99.93,100,100,100,100,100,100,99.83,100,100,100,100,100,100,100,100,.,.,.,.,100,100,100,100,100,100,100,100,100,100,100,96.93,.,.,.,.,.,.,.,.,.,.,100,89.78,100,100,100,98.8,.,100,100,.,.,.,.,.,.,.,100,99.37;99.05,100,100,.,100,100,100,100.00;100.00,100,100,100,.,.,100,99.91,.,.,.,.,.,.,.,.,.,.,.,.,.,.,.,.,.,99.74,100,100,100,100,100,100,100,100,100,100,100,100,100
cS172a.fasta,76,100,.,.,.,100,.,.,100,.,.,.,.,.,.,.,.,100,100.00;100.00,.,.,.,.,.,.,100,.,100,100,100,.,100,.,.,.,100,100,100,.,.,100,.,.,.,100,100,100,100,100,99.28,100,.,.,.,.,.,.,.,.,.,.,.,.,.,.,.,.,.,.,.,.,.,100,100,.,99.44,.,.,100,.,100,100,99.47,100,100,100,.,.,.,93.05,100,100,100,100,100,100,100,100,100,.,.,.,.,.,.,.,.,.,.,.,.,.,100,100,100,100,100,100,100,100,100,100,100,99.76,.,.,.,.,.,.,.,.,.,.,100,100,.,.,.,.,.,100,100,.,.,.,.,.,.,.,100,.,.,.,.,.,.,.,.,.,.,100,.,.,.,.,.,.,.,.,.,.,.,.,.,100,.,100,100,.,.,.,.,99.74,100,100,100,100,100,100,100,100,100,100,100,100,100
cS178a.fasta,76,100,.,.,.,100,.,.,100,.,.,.,.,.,.,.,.,100,100.00;100.00,.,.,.,.,.,.,100,.,100,100,100,.,100,.,.,.,100,100,100,.,.,100,.,.,.,100,100,100,100,100,99.28,100,.,.,.,.,.,.,.,.,.,.,.,.,.,.,.,.,.,.,.,.,.,100,100,.,99.44,.,.,100,.,100,100,99.47,100,100,100,.,.,.,93.05,100,100,100,100,100,100,100,100,100,.,.,.,.,.,.,.,.,.,.,.,.,.,100,100,100,100,100,100,100,100,100,100,100,99.76,.,.,.,.,.,.,.,.,.,.,100,100,.,.,.,.,.,100,100,.,.,.,.,.,.,.,100,.,.,.,.,.,.,.,.,.,.,100,.,.,.,.,.,.,.,.,.,.,.,.,.,100,.,100,100,.,.,.,.,99.74,100,100,100,100,100,100,100,100,100,100,100,100,100
cS184a.fasta,37,.,.,.,.,.,.,.,.,.,.,.,.,.,.,.,.,.,.,.,.,.,.,.,.,.,.,.,.,.,.,.,.,.,.,.,.,.,.,.,.,.,.,.,100,100,100,100,100,99.28,100,.,.,.,.,.,.,.,.,.,.,.,.,.,.,.,.,.,.,.,.,.,100,.,.,83.81,.,.,100,.,99.94,100,.,.,.,.,.,.,.,.,.,.,99.76,100,100,100,100,100,100,.,.,.,.,.,.,.,.,.,.,.,.,.,.,100,100,100,100,100,100,100,100,100,100,100,.,.,.,.,.,.,.,.,.,.,.,.,.,.,.,.,.,.,.,.,.,.,.,.,.,.,100,.,.,.,.,.,.,.,.,.,.,.,.,.,.,.,.,.,.,.,.,.,.,.,.,.,.,.,.,.,.,.,.,99.74,100,100,100,100,.,.,.,.,.,.,.,.,100
cS27b.fasta,37,.,.,.,.,.,.,.,.,.,.,.,.,.,.,.,.,.,.,.,.,.,.,.,.,.,.,.,.,.,.,.,.,.,.,.,.,.,.,.,.,.,.,.,100,100,100,100,100,99.28,100,.,.,.,.,.,.,.,.,.,.,.,.,.,.,.,.,.,.,.,.,.,100,.,.,83.81,.,.,100,.,99.94,100,.,.,.,.,.,.,.,.,.,.,99.76,100,100,100,100,100,100,.,.,.,.,.,.,.,.,.,.,.,.,.,.,100,100,100,100,100,100,100,100,100,100,100,.,.,.,.,.,.,.,.,.,.,.,.,.,.,.,.,.,.,.,.,.,.,.,.,.,.,100,.,.,.,.,.,.,.,.,.,.,.,.,.,.,.,.,.,.,.,.,.,.,.,.,.,.,.,.,.,.,.,.,99.74,100,100,100,100,.,.,.,.,.,.,.,.,100
cS28a.fasta,29,.,.,.,.,.,.,.,.,.,.,.,.,.,.,.,.,100,.,.,.,.,.,.,.,.,.,.,.,.,.,.,.,.,.,.,.,.,.,.,.,.,.,.,100,100,100,100,100,99.28,100,.,.,.,.,.,.,.,.,.,.,.,.,.,.,.,.,.,.,.,.,.,.,.,.,83.73,.,.,99.93,.,99.94,100,.,.,.,.,.,.,.,.,.,.,.,100,100,100,100,100,100,.,.,.,81.08,.,100,100,100,.,.,.,.,.,.,.,.,.,.,.,.,.,.,.,.,.,.,.,.,.,.,.,.,.,.,.,.,.,.,.,.,.,.,.,.,.,.,.,.,.,.,.,100,.,.,.,.,.,.,.,.,.,.,.,.,.,.,.,.,.,.,.,.,.,.,.,.,.,.,.,.,.,.,.,.,99.74,100,99.96,100,100,.,.,.,.,.,.,.,.,100
cS30a.fasta,37,.,.,.,.,.,.,.,.,.,.,.,.,.,.,.,.,.,.,.,.,.,.,.,.,.,.,.,.,.,.,.,.,.,.,.,.,.,.,.,.,.,.,.,100,100,100,100,100,99.28,100,.,.,.,.,.,.,.,.,.,.,.,.,.,.,.,.,.,.,.,.,.,100,.,.,83.81,.,.,100,.,99.94,100,.,.,.,.,.,.,.,.,.,.,99.76,100,100,100,100,100,100,.,.,.,.,.,.,.,.,.,.,.,.,.,.,100,100,100,100,100,100,100,100,100,100,100,.,.,.,.,.,.,.,.,.,.,.,.,.,.,.,.,.,.,.,.,.,.,.,.,.,.,100,.,.,.,.,.,.,.,.,.,.,.,.,.,.,.,.,.,.,.,.,.,.,.,.,.,.,.,.,.,.,.,.,99.74,100,100,100,100,.,.,.,.,.,.,.,.,100
cS33a.fasta,37,.,.,.,.,.,.,.,.,.,.,.,.,.,.,.,.,.,.,.,.,.,.,.,.,.,.,.,.,.,.,.,.,.,.,.,.,.,.,.,.,.,.,.,100,100,100,100,100,99.28,100,.,.,.,.,.,.,.,.,.,.,.,.,.,.,.,.,.,.,.,.,.,100,.,.,83.81,.,.,100,.,99.94,100,.,.,.,.,.,.,.,.,.,.,99.76,100,100,100,100,100,100,.,.,.,.,.,.,.,.,.,.,.,.,.,.,100,100,100,100,100,100,100,100,100,100,100,.,.,.,.,.,.,.,.,.,.,.,.,.,.,.,.,.,.,.,.,.,.,.,.,.,.,100,.,.,.,.,.,.,.,.,.,.,.,.,.,.,.,.,.,.,.,.,.,.,.,.,.,.,.,.,.,.,.,.,99.74,100,100,100,100,.,.,.,.,.,.,.,.,100
cS35a.fasta,63,.,.,.,.,.,.,.,.,.,.,.,.,.,.,.,.,100,.,.,.,.,.,.,100,100,100,100,100,100,100,100,.,.,.,.,.,.,.,.,.,.,.,.,100,100,100,85.86,100,99.28,100,.,.,.,.,.,.,.,.,.,.,.,.,.,.,.,.,.,.,.,.,.,.,.,.,.,.,.,.,.,.,.,.,.,.,.,.,.,.,.,.,.,99.93,100,100,100,100,100,100,99.83,100,100,100,100,100,100,100,100,.,.,.,.,100,.,.,.,.,.,.,.,.,.,99.88,99.76,.,.,.,.,.,.,.,.,.,.,100,100,100,100,100,98.8,.,100,100,.,.,.,.,.,.,.,100,99.68,.,.,.,.,.,.,100,.,.,100,.,.,100,99.91,.,.,.,.,.,.,.,.,.,.,.,.,.,.,.,.,.,99.74,100,100,100,100,100,100,100,100,100,100,100,100,100
cS37a.fasta,32,.,.,.,.,.,.,.,.,.,.,.,.,.,.,.,.,.,.,.,.,.,.,.,.,.,.,.,.,.,.,.,.,.,.,.,.,.,.,.,.,.,.,.,100,100,100,100,100,99.28,100,.,.,.,.,.,.,.,.,.,.,.,.,.,.,.,.,.,.,.,.,.,100,.,.,83.81,.,.,100,.,99.94,100,.,.,.,.,.,.,.,.,.,.,99.41,100,100,100,100,100,100,.,.,.,.,.,.,.,.,.,.,.,.,.,.,.,.,.,.,.,.,.,.,.,.,.,.,.,.,.,.,.,.,.,.,.,.,.,100,100,100,100,100,.,.,.,.,.,.,.,.,.,100,.,.,.,.,.,.,.,.,.,.,.,.,.,.,.,.,.,.,.,.,.,.,.,.,.,.,.,.,100,.,.,.,99.74,100,100,100,100,.,.,.,.,.,.,.,.,100
cS39c.fasta,62,.,.,.,.,.,.,.,.,.,.,.,.,.,.,.,.,100,.,.,.,.,.,.,.,.,.,.,.,.,.,.,.,.,.,.,.,.,.,.,.,.,.,.,100,100,100,100,100,99.28,100,.,.,.,.,.,.,.,.,.,.,.,.,.,.,.,.,.,.,.,.,.,100,100,.,83.65,.,.,100,.,99.87,100,.,.,.,.,.,.,.,.,.,.,99.88,100,100,100,100,100,100,.,100,100,100,99.66,100,100,100,100,.,.,.,.,100,100,100,100,100,100,100,100,100,100,100,100,.,.,.,.,.,.,.,.,.,.,100,100,100,100,100,98.8,.,.,.,.,.,.,.,.,.,.,100,.,.,.,.,.,.,.,.,.,.,.,.,.,.,.,.,.,.,.,.,.,.,.,.,.,.,.,.,.,.,.,.,99.74,100,100,100,100,100,100,100,100,100,100,100,100,100
cS45a.fasta,80,.,.,.,.,.,.,.,.,.,.,.,.,.,.,.,.,100,.,.,.,.,.,.,100,100,100,100,100,100,100,100,.,.,.,.,.,.,.,.,.,.,.,.,100,100,100,85.86,100,99.28,100,.,.,.,.,.,.,.,.,.,.,.,.,.,.,.,.,.,.,.,.,.,.,.,.,.,.,.,.,.,.,.,.,.,.,.,.,.,.,.,.,.,99.93,100,100,100,100,100,100,99.83,100,100,100,100,100,100,100,100,.,.,.,.,100,100,100,100,100,100,100,100,100,100,100,99.76,.,.,.,.,.,.,.,.,.,.,100,89.78,100,100,100,98.8,.,100,100,.,.,.,.,.,.,.,100,100.00;99.68,100,100,100,100,100,91.67,100.00;100.00,100,100,100,.,.,100,99.91,.,.,.,.,.,.,.,.,.,.,.,.,.,.,.,.,.,99.74,100,100,100,100,100,100,100,100,100,100,100,100,100
cS46a.fasta,86,.,.,.,.,.,.,.,.,.,.,.,.,.,.,.,.,100,100.00;98.29,99.38,100,99.75,100,100,.,.,.,.,.,.,.,.,99.88,.,.,.,.,.,.,.,.,.,.,.,100,100,100,100,100,99.28,100,100,100,100,100,94.62,100,100,100,100,100,.,100,100,100,100,100,.,.,.,100,100,100,.,100,83.73,.,.,.,.,99.94,100,.,.,.,.,100,.,.,.,.,.,99.88,100,100,100,100,100,100,.,100,100,100,99.66,100,100,100,100,.,.,.,.,100,100,100,100,100,100,100,100,100,100,100,100,.,.,.,.,.,.,.,.,.,.,100,.,.,.,.,.,.,.,.,.,.,100,100,100,.,100,100,.,.,.,.,.,.,.,.,.,.,.,.,.,.,.,.,100,.,.,.,.,.,.,.,.,.,.,.,.,.,.,.,99.74,100,100,100,100,100,100,100,100,100,100,100,100,100
cS4a.fasta,39,.,.,.,.,.,.,.,.,.,.,.,.,.,.,.,.,.,.,.,.,.,.,.,.,.,.,.,.,.,.,.,.,.,.,.,.,.,.,.,.,.,.,.,100,100,100,100,100,99.28,100,.,.,.,.,.,.,.,.,.,.,.,.,.,.,.,.,.,.,.,.,.,100,.,.,83.81,.,.,99.86,.,.,100,.,.,.,.,.,.,.,.,.,.,90.87,100,100,100,100,100,100,.,.,.,.,.,100,100,100,.,.,.,.,.,.,100,100,100,100,100,100,100,100,100,100,100,.,.,.,.,.,.,.,.,.,.,.,.,.,.,.,.,.,.,.,.,.,.,.,.,.,.,100,.,.,.,.,.,.,.,.,.,.,.,.,.,.,.,.,.,.,.,.,.,.,.,.,.,.,.,.,.,.,.,.,99.74,100,100,100,99.32,.,.,.,.,.,.,.,.,100
cS51a.fasta,76,100,.,.,.,100,.,.,100,.,.,.,.,.,.,.,.,100,100.00;100.00,.,.,.,.,.,.,100,.,100,100,100,.,100,.,.,.,100,100,100,.,.,100,.,.,.,100,100,100,100,100,99.28,100,.,.,.,.,.,.,.,.,.,.,.,.,.,.,.,.,.,.,.,.,.,100,100,.,99.44,.,.,100,.,100,100,99.47,100,100,100,.,.,.,93.05,100,100,100,100,100,100,100,100,100,.,.,.,.,.,.,.,.,.,.,.,.,.,100,100,100,100,100,100,100,100,100,100,100,99.76,.,.,.,.,.,.,.,.,.,.,100,100,.,.,.,.,.,100,100,.,.,.,.,.,.,.,100,.,.,.,.,.,.,.,.,.,.,100,.,.,.,.,.,.,.,.,.,.,.,.,.,100,.,100,100,.,.,.,.,99.74,100,100,100,100,100,100,100,100,100,100,100,100,100
cS53a.fasta,78,.,.,.,.,.,.,.,.,.,.,.,.,.,.,.,.,100,.,.,.,.,.,.,100,100,100,100,100,100,100,100,.,.,.,.,.,.,.,.,.,.,.,.,100,100,100,85.86,100,100,100,.,.,.,.,.,.,.,.,.,.,.,.,.,.,.,.,.,.,.,.,.,.,.,.,.,.,.,.,.,.,.,.,.,.,.,.,.,.,.,.,.,99.93,100,100,100,100,100,100,99.83,.,100,100,100,100,100,100,100,.,.,.,.,100,100,100,100,100,100,100,100,100,100,100,99.05,.,.,.,.,.,.,.,.,.,.,100,100,100,100,100,98.8,.,100,100,.,.,.,.,.,.,.,100,99.68,100,100,.,100,100,91.67,100.00;100.00,100,100,100.00;100.00,.,.,100,99.91,.,.,.,.,.,.,.,.,.,.,.,.,.,.,.,.,.,99.74,100,100,100,100,100,100,100,100,100,100,100,100,100
cS58a.fasta,65,.,.,.,.,.,.,.,.,100,.,.,.,.,.,.,.,100,100,.,.,.,.,.,.,.,.,.,.,.,.,.,.,.,.,.,.,.,.,.,.,.,.,.,100,100,100,100,100,99.28,100,.,.,.,.,.,.,.,.,.,.,.,.,.,.,.,.,.,.,.,.,.,100,100,.,83.73,.,.,100,.,99.94,100,.,.,.,.,.,.,.,.,.,.,99.88,100,100,100,100,100,100,99.83,100,100,100,100,100,100,100,100,.,.,.,.,100,100,100,100,100,100,100,100,100,100,100,100,.,.,.,.,.,.,.,.,.,.,100,100,100,100,100,98.8,.,.,.,.,.,.,.,.,.,.,100,.,.,.,.,.,.,.,.,.,.,.,.,.,.,.,.,.,.,.,.,.,.,.,.,.,.,.,.,.,.,.,.,99.74,100,100,100,100,100,100,100,100,100,100,100,100,100
cS60a.fasta,62,.,.,.,.,.,.,.,.,.,.,.,.,.,.,.,.,100,.,.,.,.,.,.,.,.,.,.,.,.,.,.,.,.,.,.,.,.,.,.,.,.,.,.,100,100,100,100,100,99.28,100,.,.,.,.,.,.,.,.,.,.,.,.,.,.,.,.,.,.,.,.,.,100,100,.,83.65,.,.,100,.,99.87,100,.,.,.,.,.,.,.,.,.,.,99.88,100,100,100,100,100,100,.,100,100,100,99.66,100,100,100,100,.,.,.,.,100,100,100,100,100,100,100,100,100,100,100,100,.,.,.,.,.,.,.,.,.,.,100,100,100,100,100,98.8,.,.,.,.,.,.,.,.,.,.,100,.,.,.,.,.,.,.,.,.,.,.,.,.,.,.,.,.,.,.,.,.,.,.,.,.,.,.,.,.,.,.,.,99.74,100,100,100,100,100,100,100,100,100,100,100,100,100
cS61a.fasta,78,.,.,.,.,.,.,.,.,.,.,.,.,.,.,.,.,100,.,.,.,.,.,.,100,100,100,100,100,100,100,100,.,.,.,.,.,.,.,.,.,.,.,.,100,100,100,85.86,100,100,100,.,.,.,.,.,.,.,.,.,.,.,.,.,.,.,.,.,.,.,.,.,.,.,.,.,.,.,.,.,.,.,.,.,.,.,.,.,.,.,.,.,99.93,100,100,100,100,100,100,99.83,.,100,100,100,100,100,100,100,.,.,.,.,100,100,100,100,100,100,100,100,100,100,100,99.05,.,.,.,.,.,.,.,.,.,.,100,100,100,100,100,98.8,.,100,100,.,.,.,.,.,.,.,100,100,100,100,.,100,100,91.67,100.00;100.00,100,100,100.00;100.00,.,.,100,99.91,.,.,.,.,.,.,.,.,.,.,.,.,.,.,.,.,.,99.74,100,100,100,100,100,100,100,100,100,100,100,100,100
cS63a.fasta,78,.,.,.,.,.,.,.,.,.,.,.,.,.,.,.,.,100,.,.,.,.,.,.,100,100,100,100,100,100,100,100,.,.,.,.,.,.,.,.,.,.,.,.,100,100,100,85.86,100,100,100,.,.,.,.,.,.,.,.,.,.,.,.,.,.,.,.,.,.,.,.,.,.,.,.,.,.,.,.,.,.,.,.,.,.,.,.,.,.,.,.,.,99.93,100,100,100,100,100,100,99.83,.,100,100,100,100,100,100,100,.,.,.,.,100,100,100,100,100,100,100,100,100,100,100,99.05,.,.,.,.,.,.,.,.,.,.,100,100,100,100,100,98.8,.,100,100,.,.,.,.,.,.,.,100,99.68,100,100,.,100,100,91.67,100.00;100.00,100,100,100.00;100.00,.,.,100,99.91,.,.,.,.,.,.,.,.,.,.,.,.,.,.,.,.,.,99.74,100,100,100,100,100,100,100,100,100,100,100,100,100
cS65a.fasta,62,.,.,.,.,.,.,.,.,.,.,.,.,.,.,.,.,100,.,.,.,.,.,.,.,.,.,.,.,.,.,.,.,.,.,.,.,.,.,.,.,.,.,.,100,100,100,100,100,99.28,100,.,.,.,.,.,.,.,.,.,.,.,.,.,.,.,.,.,.,.,.,.,100,100,.,83.65,.,.,100,.,99.87,100,.,.,.,.,.,.,.,.,.,.,99.88,100,100,100,100,100,100,.,100,100,100,99.66,100,100,100,100,.,.,.,.,100,100,100,100,100,100,100,100,100,100,100,100,.,.,.,.,.,.,.,.,.,.,100,100,100,100,100,98.8,.,.,.,.,.,.,.,.,.,.,100,.,.,.,.,.,.,.,.,.,.,.,.,.,.,.,.,.,.,.,.,.,.,.,.,.,.,.,.,.,.,.,.,99.74,100,100,100,100,100,100,100,100,100,100,100,100,100
cS66a.fasta,62,.,.,.,.,.,.,.,.,.,.,.,.,.,.,.,.,100,.,.,.,.,.,.,.,.,.,.,.,.,.,.,.,.,.,.,.,.,.,.,.,.,.,.,100,100,100,100,100,99.28,100,.,.,.,.,.,.,.,.,.,.,.,.,.,.,.,.,.,.,.,.,.,100,100,.,83.65,.,.,100,.,99.87,100,.,.,.,.,.,.,.,.,.,.,99.88,100,100,100,100,100,100,.,100,100,100,99.66,100,100,100,100,.,.,.,.,100,100,100,100,100,100,100,100,100,100,100,100,.,.,.,.,.,.,.,.,.,.,100,100,100,100,100,98.8,.,.,.,.,.,.,.,.,.,.,100,.,.,.,.,.,.,.,.,.,.,.,.,.,.,.,.,.,.,.,.,.,.,.,.,.,.,.,.,.,.,.,.,99.74,100,100,100,100,100,100,100,100,100,100,100,100,100
cS68a.fasta,62,.,.,.,.,.,.,.,.,.,.,.,.,.,.,.,.,100,.,.,.,.,.,.,.,.,.,.,.,.,.,.,.,.,.,.,.,.,.,.,.,.,.,.,100,100,100,100,100,99.28,100,.,.,.,.,.,.,.,.,.,.,.,.,.,.,.,.,.,.,.,.,.,100,100,.,83.65,.,.,100,.,99.87,100,.,.,.,.,.,.,.,.,.,.,99.88,100,100,100,100,100,100,.,100,100,100,99.66,100,100,100,100,.,.,.,.,100,100,100,100,100,100,100,100,100,100,100,100,.,.,.,.,.,.,.,.,.,.,100,100,100,100,100,98.8,.,.,.,.,.,.,.,.,.,.,100,.,.,.,.,.,.,.,.,.,.,.,.,.,.,.,.,.,.,.,.,.,.,.,.,.,.,.,.,.,.,.,.,99.74,100,100,100,100,100,100,100,100,100,100,100,100,100
cS6a.fasta,51,.,.,.,.,.,.,.,.,.,.,.,.,.,.,.,.,.,.,.,.,.,.,.,.,.,.,.,.,.,.,.,.,.,.,.,.,.,.,.,.,.,.,.,100,100,100,100,100,99.28,100,.,.,.,.,.,.,.,.,.,.,.,.,.,.,.,.,.,.,.,.,.,100,.,.,83.81,.,.,99.93,.,99.94,100,.,.,.,.,.,.,.,.,.,.,99.41,100,100,100,100,100,100,.,100,100,100,99.66,100,100,99.78,100,.,.,.,.,.,100,100,100,100,100,100,100,100,100,100,100,.,.,.,.,.,.,.,.,.,.,.,.,100,100,100,100,100,.,.,.,.,.,.,.,.,.,100,.,.,.,.,.,.,.,.,.,.,.,.,.,.,.,.,.,.,.,.,.,.,.,.,.,.,.,.,100,.,.,.,99.74,100,100,100,100,.,.,.,.,.,.,.,.,100
cS71a.fasta,65,.,.,.,.,.,.,.,.,100,.,.,.,.,.,.,.,100,100,.,.,.,.,.,.,.,.,.,.,.,.,.,.,.,.,.,.,.,.,.,.,.,.,.,100,100,100,100,100,99.28,100,.,.,.,.,.,.,.,.,.,.,.,.,.,.,.,.,.,.,.,.,.,100,100,.,83.73,.,.,100,.,99.94,100,.,.,.,.,.,.,.,.,.,.,99.88,100,100,100,100,100,100,99.83,100,100,100,100,100,100,100,100,.,.,.,.,100,100,100,100,100,100,100,100,100,100,100,100,.,.,.,.,.,.,.,.,.,.,100,100,100,100,100,98.8,.,.,.,.,.,.,.,.,.,.,100,.,.,.,.,.,.,.,.,.,.,.,.,.,.,.,.,.,.,.,.,.,.,.,.,.,.,.,.,.,.,.,.,99.74,100,100,100,100,100,100,100,100,100,100,100,100,100
cS71b.fasta,86,.,.,.,.,.,.,.,.,.,.,.,.,.,.,.,.,100,100.00;98.29,99.38,100,99.75,100,100,.,.,.,.,.,.,.,.,99.88,.,.,.,.,.,.,.,.,.,.,.,100,100,100,100,100,99.28,100,100,100,100,100,94.62,100,100,100,100,100,.,100,100,100,100,100,.,.,.,100,100,100,.,100,83.73,.,.,.,.,99.94,100,.,.,.,.,100,.,.,.,.,.,99.88,100,100,100,100,100,100,.,100,100,100,99.66,100,100,100,100,.,.,.,.,100,100,100,100,100,100,100,100,100,100,100,100,.,.,.,.,.,.,.,.,.,.,100,.,.,.,.,.,.,.,.,.,.,100,100,100,.,100,100,.,.,.,.,.,.,.,.,.,.,.,.,.,.,.,.,100,.,.,.,.,.,.,.,.,.,.,.,.,.,.,.,99.74,100,100,100,100,100,100,100,100,100,100,100,100,100
cS72c.fasta,77,100,.,.,.,100,.,.,100,.,.,.,.,.,.,.,.,100,100.00;100.00,.,.,.,.,.,.,100,.,100,100,100,.,100,.,.,.,100,100,100,.,.,100,.,.,.,100,100,100,100,100,99.28,100,.,.,.,.,.,.,.,.,.,.,.,.,.,.,.,.,.,.,.,.,.,100,100,.,99.44,.,.,100,.,100,100,99.47,100,100,100,.,.,93.48,93.05,100,100,100,100,100,100,100,100,100,.,.,.,.,.,.,.,.,.,.,.,.,.,100,100,100,100,100,100,100,100,100,100,100,99.76,.,.,.,.,.,.,.,.,.,.,100,100,.,.,.,.,.,100,100,.,.,.,.,.,.,.,100,.,.,.,.,.,.,.,.,.,.,100,.,.,.,.,.,.,.,.,.,.,.,.,.,100,.,100,100,.,.,.,.,99.74,100,100,100,100,100,100,100,100,100,100,100,100,100
cS76a.fasta,62,.,.,.,.,.,.,.,.,.,.,.,.,.,.,.,.,100,.,.,.,.,.,.,.,.,.,.,.,.,.,.,.,.,.,.,.,.,.,.,.,.,.,.,100,100,100,100,100,99.28,100,.,.,.,.,.,.,.,.,.,.,.,.,.,.,.,.,.,.,.,.,.,100,100,.,83.65,.,.,100,.,99.87,100,.,.,.,.,.,.,.,.,.,.,99.88,100,100,100,100,100,100,.,100,100,100,99.66,100,100,100,100,.,.,.,.,100,100,100,100,100,100,100,100,100,100,100,100,.,.,.,.,.,.,.,.,.,.,100,100,100,100,100,98.8,.,.,.,.,.,.,.,.,.,.,100,.,.,.,.,.,.,.,.,.,.,.,.,.,.,.,.,.,.,.,.,.,.,.,.,.,.,.,.,.,.,.,.,99.74,100,100,100,100,100,100,100,100,100,100,100,100,100
cS80a.fasta,85,.,100,100,100,100,.,.,.,.,.,.,.,.,.,.,.,100,.,.,.,.,.,.,100,100,100,100,100,100,100,100,.,.,100,.,.,.,.,.,100,.,.,.,100,100,100,85.86,100,99.28,100,.,.,.,.,.,.,.,.,.,.,.,.,.,.,.,.,.,.,.,.,.,.,.,.,.,.,.,.,.,.,.,.,.,.,.,.,.,.,.,.,.,99.93,100,100,100,100,100,100,99.83,100,100,100,100,100,100,100,100,.,.,.,.,100,100,100,100,100,100,100,100,100,100,100,96.93,.,.,.,.,.,.,.,.,.,.,100,89.78,100,100,100,98.8,.,100,100,.,.,.,.,.,.,.,100,100.00;99.68,100,100,.,100,100,100,100.00;100.00,100,100,100,.,.,100,99.91,.,.,.,.,.,.,.,.,.,.,.,.,.,.,.,.,.,99.74,100,100,100,100,100,100,100,100,100,100,100,100,100
cS83a.fasta,76,100,.,.,.,100,.,.,100,.,.,.,.,.,.,.,.,100,100.00;100.00,.,.,.,.,.,.,100,.,100,100,100,.,100,.,.,.,100,100,100,.,.,100,.,.,.,100,100,100,100,100,99.28,100,.,.,.,.,.,.,.,.,.,.,.,.,.,.,.,.,.,.,.,.,.,100,100,.,99.44,.,.,100,.,100,100,99.47,100,100,100,.,.,.,93.05,100,100,100,100,100,100,100,100,100,.,.,.,.,.,.,.,.,.,.,.,.,.,100,100,100,100,100,100,100,100,100,100,100,99.76,.,.,.,.,.,.,.,.,.,.,100,100,.,.,.,.,.,100,100,.,.,.,.,.,.,.,100,.,.,.,.,.,.,.,.,.,.,100,.,.,.,.,.,.,.,.,.,.,.,.,.,100,.,100,100,.,.,.,.,99.74,100,100,100,100,100,100,100,100,100,100,100,100,100
cS86a.fasta,67,.,100.00;100.00,100,100,.,.,100,.,.,.,.,.,.,.,.,.,100,.,.,.,.,.,.,100,100,100,100,100,100,100,100,.,.,100,.,.,.,100,.,100,.,.,.,100,100,100,85.86,100,99.28,100,.,.,.,.,.,.,.,.,.,.,.,.,.,.,.,.,.,.,.,.,.,.,.,.,.,.,.,.,.,.,.,.,.,.,.,.,.,.,.,.,.,100,100,100,100,100,100,100,.,.,.,.,.,.,.,.,.,.,.,.,.,100,100,100,100,100,100,100,100,100,100,100,99.76,.,.,.,.,.,.,.,.,.,.,100,100,100,100,100,98.8,.,100,.,.,.,.,.,.,.,.,100,.,.,.,.,.,.,.,.,.,.,100,.,.,.,.,.,.,.,.,.,.,.,.,.,.,.,.,.,.,100,.,100,99.74,100,100,100,100,100,100,100,100,100,100,100,100,100
cS86b.fasta,72,.,.,.,.,.,.,.,.,.,.,.,.,.,.,.,.,100,.,.,.,.,.,.,100,100,100,100,100,100,100,100,.,.,.,.,.,.,.,.,.,.,.,.,100,100,100,85.86,100,99.28,100,.,.,.,.,.,.,.,.,.,.,.,.,.,.,.,.,.,.,.,.,.,.,.,.,.,.,.,.,.,.,.,.,.,.,.,.,.,.,.,.,.,99.93,100,100,100,100,100,100,99.83,100,100,100,100,100,100,100,100,.,.,.,.,100,100,100,100,100,100,100,100,100,100,100,96.93,.,.,.,.,.,.,.,.,.,.,100,99.98,100,100,100,98.8,.,100,100,.,.,.,.,.,.,.,100,99.68,.,.,.,.,.,.,100,.,.,100,.,.,100,99.91,.,.,.,.,.,.,.,.,.,.,.,.,.,.,.,.,.,99.74,100,100,100,100,100,100,100,100,100,100,100,100,100
cS87a.fasta,29,.,.,.,.,.,.,.,.,.,.,.,.,.,.,.,.,100,.,.,.,.,.,.,.,.,.,.,.,.,.,.,.,.,.,.,.,.,.,.,.,.,.,.,100,100,100,100,100,99.28,100,.,.,.,.,.,.,.,.,.,.,.,.,.,.,.,.,.,.,.,.,.,.,.,.,83.73,.,.,99.93,.,99.94,100,.,.,.,.,.,.,.,.,.,.,.,100,100,100,100,100,100,.,.,.,81.08,.,100,100,100,.,.,.,.,.,.,.,.,.,.,.,.,.,.,.,.,.,.,.,.,.,.,.,.,.,.,.,.,.,.,.,.,.,.,.,.,.,.,.,.,.,.,.,100,.,.,.,.,.,.,.,.,.,.,.,.,.,.,.,.,.,.,.,.,.,.,.,.,.,.,.,.,.,.,.,.,99.74,100,99.96,100,100,.,.,.,.,.,.,.,.,100
cS88a.fasta,29,.,.,.,.,.,.,.,.,.,.,.,.,.,.,.,.,100,.,.,.,.,.,.,.,.,.,.,.,.,.,.,.,.,.,.,.,.,.,.,.,.,.,.,100,100,100,100,100,99.28,100,.,.,.,.,.,.,.,.,.,.,.,.,.,.,.,.,.,.,.,.,.,.,.,.,83.73,.,.,99.93,.,99.94,100,.,.,.,.,.,.,.,.,.,.,.,100,100,100,100,100,100,.,.,.,81.08,.,100,100,100,.,.,.,.,.,.,.,.,.,.,.,.,.,.,.,.,.,.,.,.,.,.,.,.,.,.,.,.,.,.,.,.,.,.,.,.,.,.,.,.,.,.,.,100,.,.,.,.,.,.,.,.,.,.,.,.,.,.,.,.,.,.,.,.,.,.,.,.,.,.,.,.,.,.,.,.,99.74,100,99.96,100,100,.,.,.,.,.,.,.,.,100
cS8b.fasta,51,.,.,.,.,.,.,.,.,.,.,.,.,.,.,.,.,.,.,.,.,.,.,.,.,.,.,.,.,.,.,.,.,.,.,.,.,.,.,.,.,.,.,.,100,100,100,100,100,99.28,100,.,.,.,.,.,.,.,.,.,.,.,.,.,.,.,.,.,.,.,.,.,100,.,.,83.81,.,.,99.93,.,99.94,100,.,.,.,.,.,.,.,.,.,.,99.41,100,100,100,100,100,100,.,100,100,100,99.66,100,100,99.78,100,.,.,.,.,.,100,100,100,100,100,100,100,100,100,100,100,.,.,.,.,.,.,.,.,.,.,.,.,100,100,100,100,100,.,.,.,.,.,.,.,.,.,100,.,.,.,.,.,.,.,.,.,.,.,.,.,.,.,.,.,.,.,.,.,.,.,.,.,.,.,.,100,.,.,.,99.74,100,100,100,100,.,.,.,.,.,.,.,.,100
cS91a.fasta,85,.,100,100,100,100,.,.,.,.,.,.,.,.,.,.,.,100,.,.,.,.,.,.,100,100,100,100,100,100,100,100,.,.,100,.,.,.,.,.,100,.,.,.,100,100,100,85.86,100,99.28,100,.,.,.,.,.,.,.,.,.,.,.,.,.,.,.,.,.,.,.,.,.,.,.,.,.,.,.,.,.,.,.,.,.,.,.,.,.,.,.,.,.,99.93,100,100,100,100,100,100,99.83,100,100,100,100,100,100,100,100,.,.,.,.,100,100,100,100,100,100,100,100,100,100,100,96.93,.,.,.,.,.,.,.,.,.,.,100,89.78,100,100,100,98.8,.,100,100,.,.,.,.,.,.,.,100,100.00;99.68,100,100,.,100,100,100,100.00;100.00,100,100,100,.,.,100,99.91,.,.,.,.,.,.,.,.,.,.,.,.,.,.,.,.,.,99.74,100,100,100,100,100,100,100,100,100,100,100,100,100
cS97a.fasta,51,.,.,.,.,.,.,.,.,.,.,.,.,.,.,.,.,.,.,.,.,.,.,.,.,.,.,.,.,.,.,.,.,.,.,.,.,.,.,.,.,.,.,.,100,100,100,100,100,99.28,100,.,.,.,.,.,.,.,.,.,.,.,.,.,.,.,.,.,.,.,.,.,100,.,.,83.81,.,.,99.93,.,82.04,100,.,.,.,.,.,.,.,.,.,.,99.41,100,100,100,100,100,100,.,100,100,100,99.66,100,100,99.78,100,.,.,.,.,.,100,100,100,100,100,100,100,100,100,100,100,.,.,.,.,.,.,.,.,.,.,.,.,100,100,100,100,100,.,.,.,.,.,.,.,.,.,100,.,.,.,.,.,.,.,.,.,.,.,.,.,.,.,.,.,.,.,.,.,.,.,.,.,.,.,.,100,.,.,.,99.74,100,100,100,100,.,.,.,.,.,.,.,.,100
cS99a.fasta,49,100,.,.,.,.,.,.,.,.,.,.,.,.,100,100,100,.,.,.,.,.,.,.,.,.,.,.,.,.,.,.,.,.,.,.,.,.,.,.,.,.,.,.,100,100,100,100,100,99.28,100,.,.,.,.,.,.,.,.,.,.,.,.,.,.,.,.,.,.,.,.,.,100,.,.,83.81,.,.,.,.,99.87,100,.,.,.,.,.,.,.,.,.,.,99.88,100,100,100,100,100,100,.,100,100,100,99.66,100,100,100,100,.,.,.,.,.,100,100,100,100,100,100,100,100,100,100,100,.,.,.,.,.,.,.,.,.,.,.,.,.,.,.,.,.,.,.,.,.,.,.,.,.,.,100,.,.,.,.,.,.,.,.,.,.,100,.,.,.,.,.,.,.,.,.,.,.,.,.,.,.,.,.,.,.,.,.,99.74,100,100,100,100,.,.,.,.,.,.,.,.,100
fM10a.fasta,47,.,.,.,.,.,.,.,.,.,.,.,.,.,.,.,.,100,.,.,.,.,.,.,.,.,.,.,.,.,.,.,.,.,.,.,.,.,.,.,.,.,.,.,100,100,100,100,100,99.28,100,.,.,.,.,.,.,.,.,.,.,.,.,.,.,.,.,.,.,.,.,.,100,100,.,83.65,.,.,100,.,99.94,100,.,.,.,.,.,.,.,.,.,.,99.88,100,100,100,100,100,100,.,100,100,100,99.66,100,100,100,100,.,.,.,.,.,100,100,100,100,100,99.81,100,100,100,100,100,.,.,.,.,.,.,.,.,.,.,.,.,.,.,.,.,.,.,.,.,.,.,.,.,.,.,100,.,.,.,.,.,.,.,.,.,.,.,.,.,.,.,.,.,.,.,.,.,.,.,.,.,.,.,.,.,.,.,.,99.74,100,100,100,100,.,.,.,.,.,.,.,.,100
fM16a.fasta,76,100,.,.,.,100,.,.,100,.,.,.,.,.,.,.,.,100,100.00;100.00,.,.,.,.,.,.,100,.,100,100,100,.,100,.,.,.,100,100,100,.,.,100,.,.,.,100,100,100,100,100,99.28,100,.,.,.,.,.,.,.,.,.,.,.,.,.,.,.,.,.,.,.,.,.,100,100,.,99.44,.,.,100,.,100,100,99.47,100,100,100,.,.,.,93.05,100,100,100,100,100,100,100,100,100,.,.,.,.,.,.,.,.,.,.,.,.,.,100,100,100,100,100,100,100,100,100,100,100,99.76,.,.,.,.,.,.,.,.,.,.,100,100,.,.,.,.,.,100,100,.,.,.,.,.,.,.,100,.,.,.,.,.,.,.,.,.,.,100,.,.,.,.,.,.,.,.,.,.,.,.,.,100,.,100,100,.,.,.,.,99.74,100,100,100,100,100,100,100,100,100,100,100,100,100
fM19a.fasta,37,.,.,.,.,.,.,.,.,.,.,.,.,.,.,.,.,.,.,.,.,.,.,.,.,.,.,.,.,.,.,.,.,.,.,.,.,.,.,.,.,.,.,.,100,100,100,100,100,99.28,100,.,.,.,.,.,.,.,.,.,.,.,.,.,.,.,.,.,.,.,.,.,100,.,.,83.81,.,.,100,.,99.94,100,.,.,.,.,.,.,.,.,.,.,99.76,100,100,100,100,100,100,.,.,.,.,.,.,.,.,.,.,.,.,.,.,100,100,100,100,100,100,100,100,100,100,100,.,.,.,.,.,.,.,.,.,.,.,.,.,.,.,.,.,.,.,.,.,.,.,.,.,.,100,.,.,.,.,.,.,.,.,.,.,.,.,.,.,.,.,.,.,.,.,.,.,.,.,.,.,.,.,.,.,.,.,99.74,100,100,100,100,.,.,.,.,.,.,.,.,100
fM21a.fasta,47,.,.,.,.,.,.,.,.,.,.,.,.,.,.,.,.,100,.,.,.,.,.,.,.,.,.,.,.,.,.,.,.,.,.,.,.,.,.,.,.,.,.,.,100,100,100,100,100,99.28,100,.,.,.,.,.,.,.,.,.,.,.,.,.,.,.,.,.,.,.,.,.,100,100,.,83.65,.,.,100,.,99.94,100,.,.,.,.,.,.,.,.,.,.,99.88,100,100,100,100,100,100,.,100,100,100,99.66,100,100,100,100,.,.,.,.,.,100,100,100,100,100,99.81,100,100,100,100,100,.,.,.,.,.,.,.,.,.,.,.,.,.,.,.,.,.,.,.,.,.,.,.,.,.,.,100,.,.,.,.,.,.,.,.,.,.,.,.,.,.,.,.,.,.,.,.,.,.,.,.,.,.,.,.,.,.,.,.,99.74,100,100,100,100,.,.,.,.,.,.,.,.,100
fM23b.fasta,29,.,.,.,.,.,.,.,.,.,.,.,.,.,.,.,.,100,.,.,.,.,.,.,.,.,.,.,.,.,.,.,.,.,.,.,.,.,.,.,.,.,.,.,100,100,100,100,100,99.28,100,.,.,.,.,.,.,.,.,.,.,.,.,.,.,.,.,.,.,.,.,.,.,.,.,83.73,.,.,99.93,.,99.94,100,.,.,.,.,.,.,.,.,.,.,.,100,100,100,100,100,100,.,.,.,81.08,.,100,100,100,.,.,.,.,.,.,.,.,.,.,.,.,.,.,.,.,.,.,.,.,.,.,.,.,.,.,.,.,.,.,.,.,.,.,.,.,.,.,.,.,.,.,.,100,.,.,.,.,.,.,.,.,.,.,.,.,.,.,.,.,.,.,.,.,.,.,.,.,.,.,.,.,.,.,.,.,99.74,100,99.96,100,100,.,.,.,.,.,.,.,.,100
fM24a.fasta,28,.,.,.,.,.,.,.,.,.,.,.,.,.,.,.,.,.,.,.,.,.,.,.,.,.,.,.,.,.,.,.,.,.,.,.,.,.,.,.,.,.,.,.,100,100,100,100,100,99.28,100,.,.,.,.,.,.,.,.,.,.,.,.,.,.,.,.,.,.,.,.,.,.,.,.,83.81,.,.,99.93,.,99.87,100,.,.,.,.,.,.,.,.,.,.,.,100,100,100,100,100,100,.,.,.,.,.,100,100,100,.,.,.,.,.,.,.,.,.,.,.,100,100,100,100,100,100,100,.,.,.,.,.,.,.,.,.,.,.,.,.,.,.,.,.,.,.,.,.,.,.,.,.,100,.,.,.,.,.,.,.,.,.,.,.,.,.,.,.,.,.,.,.,.,.,.,.,.,.,.,.,.,.,.,.,.,.,.,.,.,.,.,.,.,.,.,.,.,.,.
fM27b.fasta,45,.,.,.,.,.,.,.,.,.,.,.,.,.,.,.,.,100,.,.,.,.,.,.,.,.,.,.,.,.,.,.,.,.,.,.,.,.,.,.,.,.,.,.,100,100,100,100,100,99.28,100,.,.,.,.,.,.,.,.,.,.,.,.,.,.,.,.,.,.,.,.,.,100,100,.,81.03,.,.,99.93,.,100,100,.,.,.,.,.,.,.,.,.,.,.,100,100,100,100,100,100,.,100,100,100,99.66,100,100,100,100,.,.,.,.,.,.,100,100,100,100,100,100,100,100,100,100,.,.,.,.,.,.,.,.,.,.,.,.,.,.,.,.,.,.,.,.,.,.,.,.,.,.,100,.,.,.,.,.,.,.,.,.,.,.,.,.,.,.,.,.,.,.,.,.,.,.,.,.,.,.,.,.,.,.,.,99.74,100,100,100,99.49,.,.,.,.,.,.,.,.,100
fM29a.fasta,76,.,.,.,.,.,.,.,.,.,.,.,.,.,.,.,.,.,.,100,100,100,100,100,.,.,.,.,.,.,.,.,.,.,.,.,.,.,.,.,.,89.15,.,.,100,100,100,100,100,98.66,100,100,100,100,100,100,100,100,100,100,100,100,100,100,100,100,100,.,100,100,100,.,98.42,.,.,83.81,.,.,100,.,99.94,100,.,.,.,.,100,.,.,.,.,.,99.41,100,100,100,100,100,100,100,100,100,100,100,100,100,100,100,.,.,.,.,.,100,100,100,100,100,100,100,100,100,100,100,.,.,.,.,.,.,.,.,.,.,.,.,.,.,.,.,.,.,.,.,.,.,.,.,.,.,100,.,.,.,.,.,.,.,.,.,.,.,.,.,100,.,100,100,100,.,.,.,.,.,.,.,.,.,.,.,.,.,.,99.74,100,100,100,100,.,.,.,.,.,.,.,.,100
fM30a.fasta,60,.,100,100,100,.,.,.,.,.,.,.,.,.,.,.,.,100,.,.,.,.,.,.,.,100,100,100,100,100,100,100,.,.,89.91,.,.,.,100,.,100,.,.,.,100,100,100,82.23,100,99.28,100,.,.,.,.,.,.,.,.,.,.,.,.,.,.,.,.,.,.,.,.,.,100,.,.,99.29,.,.,.,.,100,.,.,100,.,.,.,.,.,.,.,.,99.91,100,100,100,100,100,100,.,100,100,100,100,100,100,100,100,.,.,.,.,.,100,100,100,100,100,100,100,100,100,100,99.76,.,.,.,.,.,.,.,.,.,.,.,.,.,.,.,.,.,100,.,.,.,.,.,.,.,.,100,.,.,.,.,.,.,.,.,.,.,.,.,.,.,.,.,.,.,.,.,.,.,.,.,100,.,.,.,.,.,.,.,99.74,100,100,100,100,.,.,.,.,.,.,.,.,100
fM31a.fasta,39,.,.,.,.,.,.,.,.,.,.,.,.,.,.,.,.,100,.,.,.,.,.,.,.,.,.,.,.,.,.,.,.,.,.,.,.,.,.,.,.,.,.,.,100,100,100,100,100,99.28,100,.,.,.,.,.,.,.,.,.,.,.,.,.,.,.,.,.,.,.,.,.,100,100,.,83.65,.,.,100,.,99.94,100,.,.,.,.,.,.,.,.,.,.,99.88,100,100,100,100,100,100,.,.,.,.,.,.,.,.,.,.,.,.,.,100,.,.,.,.,.,.,.,.,.,.,.,.,.,.,.,.,.,.,.,.,.,100,100,.,.,.,.,.,.,.,.,.,.,.,.,.,.,100,.,.,.,.,.,.,.,.,.,.,.,.,.,.,.,.,.,.,.,.,.,.,.,.,.,.,.,.,.,.,.,.,99.74,100,100,100,100,100,100,100,100,100,100,100,100,100
fM35a.fasta,37,.,.,.,.,.,.,.,.,.,.,.,.,.,.,.,.,.,.,.,.,.,.,.,.,.,.,.,.,.,.,.,.,.,.,.,.,.,.,.,.,.,.,.,100,100,100,100,100,99.28,100,.,.,.,.,.,.,.,.,.,.,.,.,.,.,.,.,.,.,.,.,.,100,.,.,83.81,.,.,100,.,99.94,100,.,.,.,.,.,.,.,.,.,.,99.76,100,100,100,100,100,100,.,.,.,.,.,.,.,.,.,.,.,.,.,.,100,100,100,100,100,100,100,100,100,100,100,.,.,.,.,.,.,.,.,.,.,.,.,.,.,.,.,.,.,.,.,.,.,.,.,.,.,100,.,.,.,.,.,.,.,.,.,.,.,.,.,.,.,.,.,.,.,.,.,.,.,.,.,.,.,.,.,.,.,.,99.74,100,100,100,100,.,.,.,.,.,.,.,.,100
fM40a.fasta,81,.,.,.,.,.,.,.,.,.,.,.,.,.,.,.,.,100,.,.,.,.,.,.,100,100,100,100,100,100,100,100,.,.,.,.,.,.,.,.,.,.,.,.,100,100,100,85.86,100,99.28,100,.,.,.,.,.,.,.,.,.,.,.,.,.,.,.,.,.,.,.,.,.,.,.,.,.,.,.,.,.,.,.,.,.,.,.,.,.,.,.,.,.,99.93,100,100,100,100,100,100,99.83,100,100,100,100,100,100,100,100,.,.,.,.,100,100,100,100,100,100,100,100,100,100,100,99.76,.,.,.,99.85,.,.,.,.,.,.,100,89.78,100,100,100,98.8,.,100,100,.,.,.,.,.,.,.,100,100.00;99.68,100,100,100,100,100,91.67,100.00;100.00,100,100,100,.,.,100,99.91,.,.,.,.,.,.,.,.,.,.,.,.,.,.,.,.,.,99.74,100,100,100,100,100,100,100,100,100,100,100,100,100
fM41b.fasta,81,.,.,.,.,.,.,.,.,.,.,.,.,.,.,.,.,100,.,.,.,.,.,.,100,100,100,100,100,100,100,100,.,.,.,.,.,.,.,.,.,.,.,.,100,100,100,85.86,100,99.28,100,.,.,.,.,.,.,.,.,.,.,.,.,.,.,.,.,.,.,.,.,.,.,.,.,.,.,.,.,.,.,.,.,.,.,.,.,.,.,.,.,.,99.93,100,100,100,100,100,100,99.83,100,100,100,100,100,100,100,100,.,.,.,.,100,100,100,100,100,100,100,100,100,100,100,99.76,.,.,.,99.85,.,.,.,.,.,.,100,89.78,100,100,100,98.8,.,100,100,.,.,.,.,.,.,.,100,100.00;99.68,100,100,100,100,100,91.67,100.00;100.00,100,100,100,.,.,100,99.91,.,.,.,.,.,.,.,.,.,.,.,.,.,.,.,.,.,99.74,100,100,100,100,100,100,100,100,100,100,100,100,100
fM48a.fasta,37,.,.,.,.,.,.,.,.,.,.,.,.,.,.,.,.,.,.,.,.,.,.,.,.,.,.,.,.,.,.,.,.,.,.,.,.,.,.,.,.,.,.,.,100,100,100,100,100,99.28,100,.,.,.,.,.,.,.,.,.,.,.,.,.,.,.,.,.,.,.,.,.,100,.,.,83.81,.,.,100,.,99.94,100,.,.,.,.,.,.,.,.,.,.,99.76,100,100,100,100,100,100,.,.,.,.,.,.,.,.,.,.,.,.,.,.,100,100,100,100,100,100,100,100,100,100,100,.,.,.,.,.,.,.,.,.,.,.,.,.,.,.,.,.,.,.,.,.,.,.,.,.,.,100,.,.,.,.,.,.,.,.,.,.,.,.,.,.,.,.,.,.,.,.,.,.,.,.,.,.,.,.,.,.,.,.,99.74,100,100,100,100,.,.,.,.,.,.,.,.,100
fM51a.fasta,37,.,.,.,.,.,.,.,.,.,.,.,.,.,.,.,.,.,.,.,.,.,.,.,.,.,.,.,.,.,.,.,.,.,.,.,.,.,.,.,.,.,.,.,100,100,100,100,100,99.28,100,.,.,.,.,.,.,.,.,.,.,.,.,.,.,.,.,.,.,.,.,.,100,.,.,83.81,.,.,100,.,99.94,100,.,.,.,.,.,.,.,.,.,.,99.76,100,100,100,100,100,100,.,.,.,.,.,.,.,.,.,.,.,.,.,.,100,100,100,100,100,100,100,100,100,100,100,.,.,.,.,.,.,.,.,.,.,.,.,.,.,.,.,.,.,.,.,.,.,.,.,.,.,100,.,.,.,.,.,.,.,.,.,.,.,.,.,.,.,.,.,.,.,.,.,.,.,.,.,.,.,.,.,.,.,.,99.74,100,100,100,100,.,.,.,.,.,.,.,.,100
fM54a.fasta,29,.,.,.,.,.,.,.,.,.,.,.,.,.,.,.,.,100,.,.,.,.,.,.,.,.,.,.,.,.,.,.,.,.,.,.,.,.,.,.,.,.,.,.,100,100,100,100,100,99.28,100,.,.,.,.,.,.,.,.,.,.,.,.,.,.,.,.,.,.,.,.,.,.,.,.,83.73,.,.,99.93,.,99.94,100,.,.,.,.,.,.,.,.,.,.,.,100,100,100,100,100,100,.,.,.,81.08,.,100,100,100,.,.,.,.,.,.,.,.,.,.,.,.,.,.,.,.,.,.,.,.,.,.,.,.,.,.,.,.,.,.,.,.,.,.,.,.,.,.,.,.,.,.,.,100,.,.,.,.,.,.,.,.,.,.,.,.,.,.,.,.,.,.,.,.,.,.,.,.,.,.,.,.,.,.,.,.,99.74,100,99.96,100,100,.,.,.,.,.,.,.,.,100
fM59a.fasta,45,.,.,.,.,.,.,.,.,.,.,.,.,.,.,.,.,100,.,.,.,.,.,.,.,.,.,.,.,.,.,.,.,.,.,.,.,.,.,.,.,.,.,.,100,100,100,100,100,99.28,100,.,.,.,.,.,.,.,.,.,.,.,.,.,.,.,.,.,.,.,.,.,100,100,.,81.03,.,.,99.93,.,100,100,.,.,.,.,.,.,.,.,.,.,.,100,100,100,100,100,100,.,100,100,100,99.66,100,100,100,100,.,.,.,.,.,.,100,100,100,100,100,100,100,100,100,100,.,.,.,.,.,.,.,.,.,.,.,.,.,.,.,.,.,.,.,.,.,.,.,.,.,.,100,.,.,.,.,.,.,.,.,.,.,.,.,.,.,.,.,.,.,.,.,.,.,.,.,.,.,.,.,.,.,.,.,99.74,100,100,100,99.49,.,.,.,.,.,.,.,.,100
fM60a.fasta,45,.,.,.,.,.,.,.,.,.,.,.,.,.,.,.,.,100,.,.,.,.,.,.,.,.,.,.,.,.,.,.,.,.,.,.,.,.,.,.,.,.,.,.,100,100,100,100,100,99.28,100,.,.,.,.,.,.,.,.,.,.,.,.,.,.,.,.,.,.,.,.,.,100,100,.,81.03,.,.,99.93,.,100,100,.,.,.,.,.,.,.,.,.,.,.,100,100,100,100,100,100,.,100,100,100,99.66,100,100,100,100,.,.,.,.,.,.,100,100,100,100,100,100,100,100,100,100,.,.,.,.,.,.,.,.,.,.,.,.,.,.,.,.,.,.,.,.,.,.,.,.,.,.,100,.,.,.,.,.,.,.,.,.,.,.,.,.,.,.,.,.,.,.,.,.,.,.,.,.,.,.,.,.,.,.,.,99.74,100,100,100,99.49,.,.,.,.,.,.,.,.,100
fS100a.fasta,73,.,.,.,.,.,.,.,.,.,.,.,.,.,.,.,.,.,.,100,100,100,100,100,.,.,.,.,.,.,.,.,.,.,.,.,.,.,.,.,.,89.22,.,.,100,100,100,100,100,99.28,100,100,100,100,100,100,100,100,100,100,100,100,100,100,100,100,100,100,100,100,100,.,100,.,.,83.73,100,.,99.86,.,99.94,100,.,.,.,.,100,.,.,.,.,.,.,100,100,100,100,100,100,.,100,100,100,99.66,100,100,100,100,.,.,.,.,.,100,100,100,100,100,100,100,100,100,100,100,.,.,.,.,.,.,.,.,.,.,.,.,.,.,.,.,.,.,.,.,100,.,.,.,99.85,.,100,.,.,.,.,.,.,.,.,.,.,.,.,.,.,.,100,100,100,100,.,.,.,.,.,.,.,.,.,.,.,98.57,.,.,.,.,.,.,.,.,.,.,.,.,.,.,.
fS101a.fasta,66,.,.,.,.,.,.,.,.,.,.,.,.,.,.,.,.,100,97.44;100.00,.,.,.,.,.,.,.,.,100,100,100,.,100,.,.,.,.,.,.,.,.,.,.,.,.,100,100,100,100,100,99.25,100,.,.,.,.,.,.,.,.,.,.,.,.,.,.,.,.,.,.,.,.,.,100,100,.,86.11,.,.,99.93,.,100,100,.,.,100,100,.,.,.,.,.,.,99.76,100,100,100,100,100,100,100,100,100,100,99.66,100,100,100,100,.,.,.,.,.,100,100,100,100,100,100,100,100,100,100,99.76,.,.,.,.,.,.,.,.,.,.,.,.,100,100,100,98.8,.,100,100,100,.,.,.,.,.,.,100,.,.,.,.,.,.,.,.,.,.,.,.,.,.,.,.,.,.,.,.,.,.,.,.,100,100,100,100,.,.,.,.,99.74,100,100,100,100,.,.,.,.,.,.,.,.,100
fS102a.fasta,69,.,.,.,.,.,.,.,.,.,.,.,.,.,.,.,.,100,.,.,.,.,.,.,.,100,100,100,100,100,.,100,.,.,.,.,.,.,.,.,.,.,.,.,100,100,100,100,100,99.28,100,.,.,.,.,.,.,.,.,.,.,.,.,.,.,.,.,.,.,.,.,.,100,.,.,99.29,.,.,100,.,100,.,99.47,100,.,.,.,.,.,.,.,.,99.76,100,100,100,100,100,100,100,100,100,100,100,100,100,100,100,.,.,.,.,.,100,100,100,100,100,100,100,100,100,100,99.76,.,.,.,.,.,99.91,100,100,100,100,.,.,100,100,100,98.8,.,100,100,.,.,.,.,.,.,.,100,99.37,.,.,.,.,.,.,94.44,.,.,.,.,.,.,.,.,.,.,.,.,.,.,.,.,100,.,.,100,.,.,.,.,99.74,100,100,100,100,.,.,.,.,.,.,.,.,100
fS10a.fasta,77,100,.,.,.,.,.,.,.,.,.,100,100,100,.,.,.,100,.,.,.,.,.,.,.,100,.,100,100,100,.,100,.,.,.,.,.,.,.,.,.,.,.,.,100,100,100,100,100,99.28,100,.,.,.,.,.,.,.,.,.,.,.,.,.,.,.,.,.,.,.,.,.,100,100,.,99.44,.,.,100,.,100,100,97.48,100,100,100,.,.,.,.,.,.,100,100,100,100,100,100,100,100,100,100,100,100,100,100,100,100,.,.,.,.,100,100,100,100,100,100,100,100,100,100,100,99.76,.,.,.,.,.,.,.,.,.,.,100,100,.,.,.,.,.,100,100,.,.,.,.,.,.,.,100,.,.,.,.,.,.,.,.,.,.,.,.,.,.,.,.,.,.,.,.,.,.,.,.,100,.,100,100,.,.,.,.,99.74,100,100,100,100,100,100,100,100,100,100,100,100,100
fS111a.fasta,28,.,.,.,.,.,.,.,.,.,.,.,.,.,.,.,.,100,.,.,.,.,.,.,.,.,.,.,.,.,.,.,.,.,.,.,.,.,.,.,.,.,.,.,100,100,100,100,100,99.28,100,.,.,.,.,.,.,.,.,.,.,.,.,.,.,.,.,.,.,.,.,.,100,100,.,83.65,.,.,100,.,99.94,100,.,.,.,.,.,.,.,.,.,.,99.88,100,100,100,100,100,100,.,.,.,.,.,.,.,.,.,.,.,.,.,.,.,.,.,.,.,.,.,.,.,.,.,.,.,.,.,.,.,.,.,.,.,.,.,.,.,.,.,.,.,.,.,.,.,.,.,.,.,100,.,.,.,.,.,.,.,.,.,.,.,.,.,.,.,.,.,.,.,.,.,.,.,.,.,.,.,.,.,.,.,.,99.74,100,100,100,100,.,.,.,.,.,.,.,.,100
fS117a.fasta,79,.,.,.,.,.,.,.,.,.,.,.,.,.,.,.,.,100,100,.,.,.,.,.,100,100,100,100,100,100,100,100,.,.,.,.,.,.,.,.,.,.,.,.,100,100,100,85.86,100,100,100,.,.,.,.,.,.,.,.,.,.,.,.,.,.,.,.,.,.,.,.,.,.,.,.,.,.,.,.,.,.,.,.,.,.,.,.,.,.,.,.,.,99.93,100,100,100,100,100,100,99.83,.,100,100,100,100,100,100,100,.,.,.,.,100,100,100,100,100,100,100,100,100,100,100,99.76,.,.,.,.,.,.,.,.,.,.,100,100,100,100,100,98.8,.,100,100,.,.,.,.,.,.,.,100,100,100,100,.,100,100,100,100.00;100.00,100,100,100,.,.,100,99.91,.,.,.,.,.,.,.,.,.,.,.,.,.,.,.,.,.,99.74,100,100,100,100,100,100,100,100,100,100,100,100,100
fS11a.fasta,77,100,.,.,.,.,.,.,.,.,.,100,100,100,.,.,.,100,.,.,.,.,.,.,.,100,.,100,100,100,.,100,.,.,.,.,.,.,.,.,.,.,.,.,100,100,100,100,100,99.28,100,.,.,.,.,.,.,.,.,.,.,.,.,.,.,.,.,.,.,.,.,.,100,100,.,99.44,.,.,100,.,100,100,97.48,100,100,100,.,.,.,.,.,.,100,100,100,100,100,100,100,100,100,100,100,100,100,100,100,100,.,.,.,.,100,100,100,100,100,100,100,100,100,100,100,99.76,.,.,.,.,.,.,.,.,.,.,100,100,.,.,.,.,.,100,100,.,.,.,.,.,.,.,100,.,.,.,.,.,.,.,.,.,.,.,.,.,.,.,.,.,.,.,.,.,.,.,.,100,.,100,100,.,.,.,.,99.74,100,100,100,100,100,100,100,100,100,100,100,100,100
fS121a.fasta,46,.,.,.,.,.,.,.,.,.,.,.,.,.,.,.,.,.,.,.,.,.,.,.,.,.,.,.,.,.,.,.,.,.,.,.,.,.,.,.,.,.,.,.,100,100,100,100,100,98.66,100,.,.,.,.,.,.,.,.,.,.,.,.,.,.,.,.,.,.,.,.,.,100,.,.,83.81,.,.,100,.,99.94,100,.,.,.,.,.,.,.,.,.,.,99.41,100,100,100,100,100,100,100,100,100,100,100,100,100,100,100,.,.,.,.,.,100,100,100,100,100,100,100,100,100,100,100,.,.,.,.,.,.,.,.,.,.,.,.,.,.,.,.,.,.,.,.,.,.,.,.,.,.,100,.,.,.,.,.,.,.,.,.,.,.,.,.,.,.,.,.,.,.,.,.,.,.,.,.,.,.,.,.,.,.,.,99.74,100,100,100,100,.,.,.,.,.,.,.,.,100
fS122a.fasta,72,.,100,100,100,100,100,.,.,.,.,.,.,.,.,.,.,100,.,.,.,.,.,.,.,100,100,100,100,100,.,100,.,.,100,.,.,.,.,.,100,.,.,.,100,100,100,100,100,99.28,100,.,.,.,.,.,.,.,.,.,.,.,.,.,.,.,.,.,.,.,.,.,100,.,.,99.29,.,.,99.93,.,100,.,97.48,100,.,.,.,.,.,.,.,.,99.74,100,100,100,100,100,100,99.83,100,100,100,100,100,100,100,100,.,.,.,.,100,.,.,.,.,.,.,.,.,.,99.88,99.76,.,.,.,.,.,.,.,.,.,.,100,100,100,100,100,98.8,.,100,100,.,.,.,.,.,.,.,100,.,.,.,.,.,.,.,.,.,.,100,.,.,.,.,.,.,.,.,.,.,.,.,.,100,.,.,100,.,.,.,.,99.74,100,100,100,100,100,100,100,100,100,100,100,100,100
fS128a.fasta,68,100,.,.,.,.,.,.,.,.,.,.,.,.,100,100,100,100,.,.,.,.,.,.,.,100,.,100,100,100,.,100,.,.,.,.,.,.,.,.,.,.,.,.,100,100,100,100,100,99.28,100,.,.,.,.,.,.,.,.,.,.,.,.,.,.,.,.,.,.,.,.,.,100,100,.,99.44,.,.,100,.,100,100,97.48,100,100,100,.,.,.,.,.,.,100,100,100,100,100,100,100,.,.,.,.,.,.,.,.,.,.,.,.,.,100,100,100,100,100,100,100,100,100,100,100,99.76,.,.,.,.,.,.,.,.,.,.,100,100,.,.,.,.,.,100,100,.,.,.,.,.,.,.,100,.,.,.,.,.,.,.,.,.,.,.,.,.,.,.,.,.,.,.,.,.,.,.,.,100,.,100,100,.,.,.,.,99.74,100,100,100,100,100,100,100,100,100,100,100,100,100
fS12a.fasta,77,100,.,.,.,.,.,.,.,.,.,100,100,100,.,.,.,100,.,.,.,.,.,.,.,100,.,100,100,100,.,100,.,.,.,.,.,.,.,.,.,.,.,.,100,100,100,100,100,99.28,100,.,.,.,.,.,.,.,.,.,.,.,.,.,.,.,.,.,.,.,.,.,100,100,.,99.44,.,.,100,.,100,100,97.48,100,100,100,.,.,.,.,.,.,100,100,100,100,100,100,100,100,100,100,100,100,100,100,100,100,.,.,.,.,100,100,100,100,100,100,100,100,100,100,100,99.76,.,.,.,.,.,.,.,.,.,.,100,100,.,.,.,.,.,100,100,.,.,.,.,.,.,.,100,.,.,.,.,.,.,.,.,.,.,.,.,.,.,.,.,.,.,.,.,.,.,.,.,100,.,100,100,.,.,.,.,99.74,100,100,100,100,100,100,100,100,100,100,100,100,100
fS133b.fasta,46,.,.,.,.,.,.,.,.,.,.,.,.,.,.,.,.,.,.,.,.,.,.,.,.,.,.,.,.,.,.,.,.,.,.,.,.,.,.,.,.,.,.,.,100,100,100,100,100,99.28,100,.,.,.,.,.,.,.,.,.,.,.,.,.,.,.,.,.,.,.,.,.,100,.,.,83.81,.,.,99.93,.,99.94,100,.,.,.,.,.,.,.,.,.,.,99.76,100,100,100,100,100,100,100,100,100,100,100,100,100,100,100,.,.,.,.,.,100,100,100,100,100,100,100,100,100,100,100,.,.,.,.,.,.,.,.,.,.,.,.,.,.,.,.,.,.,.,.,.,.,.,.,.,.,100,.,.,.,.,.,.,.,.,.,.,.,.,.,.,.,.,.,.,.,.,.,.,.,.,.,.,.,.,.,.,.,.,99.74,100,100,100,100,.,.,.,.,.,.,.,.,100
fS139a.fasta,47,.,.,.,.,.,.,.,.,.,.,.,.,.,.,.,.,100,.,.,.,.,.,.,.,.,.,.,.,.,.,.,.,.,.,.,.,.,.,.,.,.,.,.,100,100,100,100,100,99.28,100,.,.,.,.,.,.,.,.,.,.,.,.,.,.,.,.,.,.,.,.,.,100,100,.,83.65,.,.,100,.,99.94,100,.,.,.,.,.,.,.,.,.,.,99.88,100,100,100,100,100,100,.,100,100,100,99.66,100,100,100,100,.,.,.,.,100,.,.,.,.,.,.,.,.,.,.,.,.,.,.,.,.,.,.,.,.,.,100,100,.,.,.,.,.,.,.,.,.,.,.,.,.,.,100,.,.,.,.,.,.,.,.,.,.,.,.,.,.,.,.,.,.,.,.,.,.,.,.,.,.,.,.,.,.,.,.,99.74,100,100,100,100,100,100,100,100,100,100,100,100,100
fS13a.fasta,77,100,.,.,.,.,.,.,.,.,.,100,100,100,.,.,.,100,.,.,.,.,.,.,.,100,.,100,100,100,.,100,.,.,.,.,.,.,.,.,.,.,.,.,100,100,100,100,100,99.28,100,.,.,.,.,.,.,.,.,.,.,.,.,.,.,.,.,.,.,.,.,.,100,100,.,99.44,.,.,100,.,100,100,97.48,100,100,100,.,.,.,.,.,.,100,100,100,100,100,100,100,100,100,100,100,100,100,100,100,100,.,.,.,.,100,100,100,100,100,100,100,100,100,100,100,99.76,.,.,.,.,.,.,.,.,.,.,100,100,.,.,.,.,.,100,100,.,.,.,.,.,.,.,100,.,.,.,.,.,.,.,.,.,.,.,.,.,.,.,.,.,.,.,.,.,.,.,.,100,.,100,100,.,.,.,.,99.74,100,100,100,100,100,100,100,100,100,100,100,100,100
fS143a.fasta,49,.,.,.,.,.,.,.,.,.,.,.,.,.,.,.,.,.,.,.,.,.,.,.,.,.,.,.,.,.,.,.,.,.,.,.,.,.,.,.,.,.,100,100,100,100,100,100,100,98.66,100,.,.,.,.,.,.,.,.,.,.,.,.,.,.,.,.,.,.,.,.,.,100,.,.,83.81,.,.,100,.,99.94,100,.,.,.,.,.,100,.,.,.,.,99.41,100,100,100,100,100,100,100,100,100,100,100,100,100,100,100,.,.,.,.,.,100,100,100,100,100,100,100,100,100,100,100,.,.,.,.,.,.,.,.,.,.,.,.,.,.,.,.,.,.,.,.,.,.,.,.,.,.,100,.,.,.,.,.,.,.,.,.,.,.,.,.,.,.,.,.,.,.,.,.,.,.,.,.,.,.,.,.,.,.,.,99.74,100,100,100,100,.,.,.,.,.,.,.,.,100
fS144a.fasta,51,.,.,.,.,.,.,.,.,.,.,.,.,.,.,.,.,.,.,.,.,.,.,.,.,.,.,.,.,.,.,.,.,.,.,.,.,.,.,.,.,.,.,.,100,100,100,100,100,99.28,100,.,.,.,.,.,.,.,.,.,.,.,.,.,.,.,.,.,.,.,.,.,100,.,.,83.81,.,.,99.93,.,99.94,100,.,.,.,.,.,.,.,.,.,.,99.41,100,100,100,100,100,100,.,100,100,100,99.66,100,100,99.78,100,.,.,.,.,.,100,100,100,100,100,100,100,100,100,100,100,.,.,.,.,.,.,.,.,.,.,.,.,100,100,100,100,100,.,.,.,.,.,.,.,.,.,100,.,.,.,.,.,.,.,.,.,.,.,.,.,.,.,.,.,.,.,.,.,.,.,.,.,.,.,.,100,.,.,.,99.74,100,100,100,100,.,.,.,.,.,.,.,.,100
fS146a.fasta,51,.,.,.,.,.,.,.,.,.,.,.,.,.,.,.,.,.,.,.,.,.,.,.,.,.,.,.,.,.,.,.,.,.,.,.,.,.,.,.,.,.,.,.,100,100,100,100,100,99.28,100,.,.,.,.,.,.,.,.,.,.,.,.,.,.,.,.,.,.,.,.,.,100,.,.,83.81,.,.,99.93,.,99.94,100,.,.,.,.,.,.,.,.,.,.,99.41,100,100,100,100,100,100,.,100,100,100,99.66,100,100,99.78,100,.,.,.,.,.,100,100,100,100,100,100,100,100,100,100,100,.,.,.,.,.,.,.,.,.,.,.,.,100,100,100,100,100,.,.,.,.,.,.,.,.,.,100,.,.,.,.,.,.,.,.,.,.,.,.,.,.,.,.,.,.,.,.,.,.,.,.,.,.,.,.,100,.,.,.,99.74,100,100,100,100,.,.,.,.,.,.,.,.,100
fS148a.fasta,43,.,.,.,.,.,.,.,.,.,.,.,.,.,.,.,.,100,.,.,.,.,.,.,.,.,.,.,.,.,.,.,.,.,.,.,.,.,.,.,.,.,.,.,100,100,100,100,100,99.28,100,.,.,.,.,.,.,.,.,.,.,.,.,.,.,.,.,.,.,.,.,.,100,100,.,83.65,.,.,100,.,99.94,100,.,.,.,.,.,.,.,.,.,.,99.88,100,100,100,100,100,100,.,.,.,.,.,.,.,.,.,.,.,.,.,100,.,.,.,.,.,.,.,.,.,.,.,.,.,.,.,.,.,.,.,.,.,100,100,100,100,100,98.8,.,.,.,.,.,.,.,.,.,.,100,.,.,.,.,.,.,.,.,.,.,.,.,.,.,.,.,.,.,.,.,.,.,.,.,.,.,.,.,.,.,.,.,99.74,100,100,100,100,100,100,100,100,100,100,100,100,100
fS149a.fasta,47,.,.,.,.,.,.,.,.,.,.,.,.,.,.,.,.,100,.,.,.,.,.,.,.,.,.,.,.,.,.,.,.,.,.,.,.,.,.,.,.,.,.,.,100,100,100,100,100,99.28,100,.,.,.,.,.,.,.,.,.,.,.,.,.,.,.,.,.,.,.,.,.,100,100,.,83.65,.,.,100,.,99.94,100,.,.,.,.,.,.,.,.,.,.,99.88,100,100,100,100,100,100,.,100,100,100,99.66,100,100,100,100,.,.,.,.,100,.,.,.,.,.,.,.,.,.,.,.,.,.,.,.,.,.,.,.,.,.,100,100,.,.,.,.,.,.,.,.,.,.,.,.,.,.,100,.,.,.,.,.,.,.,.,.,.,.,.,.,.,.,.,.,.,.,.,.,.,.,.,.,.,.,.,.,.,.,.,99.74,100,100,100,100,100,100,100,100,100,100,100,100,100
fS14a.fasta,73,.,.,.,.,.,.,.,.,.,.,.,.,.,.,.,.,.,.,100,100,100,100,100,.,.,.,.,.,.,.,.,.,.,.,.,.,.,.,.,.,89.22,.,.,100,100,100,100,100,99.28,100,100,100,100,100,100,100,100,100,100,100,100,100,100,100,100,100,100,100,100,100,.,100,.,.,83.73,100,.,99.86,.,99.94,100,.,.,.,.,100,.,.,.,.,.,.,100,100,100,100,100,100,.,100,100,100,99.66,100,100,100,100,.,.,.,.,.,100,100,100,100,100,100,100,100,100,100,100,.,.,.,.,.,.,.,.,.,.,.,.,.,.,.,.,.,.,.,.,100,.,.,.,99.85,.,100,.,.,.,.,.,.,.,.,.,.,.,.,.,.,.,100,100,100,100,.,.,.,.,.,.,.,.,.,.,.,98.57,.,.,.,.,.,.,.,.,.,.,.,.,.,.,.
fS155a.fasta,72,.,.,.,.,.,.,.,.,.,.,.,.,.,.,.,.,.,.,100,100,100,100,100,.,.,.,.,.,.,.,.,.,.,.,.,.,.,.,.,.,89.22,.,.,100,100,100,100,100,99.28,100,100,100,100,100,100,100,100,100,100,100,100,100,100,100,100,100,100,100,100,100,.,100,.,.,83.73,100,.,99.86,.,99.94,100,.,.,.,.,100,.,.,.,.,.,.,100,100,100,100,100,100,.,100,100,100,99.66,100,100,100,100,.,.,.,.,.,100,100,100,100,100,100,100,100,100,100,100,.,.,.,.,.,.,.,.,.,.,.,.,.,.,.,.,.,.,.,.,100,.,.,.,.,.,100,.,.,.,.,.,.,.,.,.,.,.,.,.,.,.,100,100,100,100,.,.,.,.,.,.,.,.,.,.,.,98.57,.,.,.,.,.,.,.,.,.,.,.,.,.,.,.
fS157a.fasta,46,.,.,.,.,.,.,.,.,.,.,.,.,.,.,.,.,.,.,.,.,.,.,.,.,.,.,.,.,.,.,.,.,.,.,.,.,.,.,.,.,.,.,.,100,100,100,100,100,98.66,100,.,.,.,.,.,.,.,.,.,.,.,.,.,.,.,.,.,.,.,.,.,98.42,.,.,83.81,.,.,99.93,.,99.94,100,.,.,.,.,.,.,.,.,.,.,99.76,100,100,100,100,100,100,99.83,100,100,100,100,100,100,100,100,.,.,.,.,.,100,100,100,100,100,100,100,100,100,100,100,.,.,.,.,.,.,.,.,.,.,.,.,.,.,.,.,.,.,.,.,.,.,.,.,.,.,100,.,.,.,.,.,.,.,.,.,.,.,.,.,.,.,.,.,.,.,.,.,.,.,.,.,.,.,.,.,.,.,.,99.74,100,100,100,100,.,.,.,.,.,.,.,.,100
fS158a.fasta,52,.,.,.,.,.,.,.,.,.,.,.,.,.,.,.,.,100,.,.,.,.,.,.,.,.,.,.,.,.,.,.,.,.,.,.,.,.,.,.,.,.,.,.,100,100,100,100,100,99.28,100,.,.,.,.,.,.,.,.,.,.,.,.,.,.,.,.,.,.,.,.,.,100,100,.,83.73,.,.,.,.,99.94,100,.,.,.,.,.,.,.,.,.,.,99.88,100,100,100,100,100,100,.,100,100,100,99.66,100,100,100,100,.,.,.,.,100,.,.,.,.,.,.,.,.,.,.,.,.,.,.,.,.,.,.,.,.,.,100,100,.,.,.,100,100,.,.,.,.,.,.,.,.,.,100,.,.,.,.,.,.,.,.,.,.,.,100,100,100,99.91,.,.,.,.,.,.,.,.,.,.,.,.,.,.,.,.,.,99.74,100,100,100,100,100,100,100,100,100,100,100,100,100
fS159a.fasta,52,.,.,.,.,.,.,.,.,.,.,.,.,.,.,.,.,100,.,.,.,.,.,.,.,.,.,.,.,.,.,.,.,.,.,.,.,.,.,.,.,.,.,.,100,100,100,100,100,99.28,100,.,.,.,.,.,.,.,.,.,.,.,.,.,.,.,.,.,.,.,.,.,100,100,.,83.73,.,.,.,.,99.94,100,.,.,.,.,.,.,.,.,.,.,99.88,100,100,100,100,100,100,.,100,100,100,99.66,100,100,100,100,.,.,.,.,100,.,.,.,.,.,.,.,.,.,.,.,.,.,.,.,.,.,.,.,.,.,100,100,.,.,.,100,100,.,.,.,.,.,.,.,.,.,100,.,.,.,.,.,.,.,.,.,.,.,100,100,100,99.91,.,.,.,.,.,.,.,.,.,.,.,.,.,.,.,.,.,99.74,100,100,100,100,100,100,100,100,100,100,100,100,100
fS165a.fasta,46,.,.,.,.,.,.,.,.,.,.,.,.,.,.,.,.,.,.,.,.,.,.,.,.,.,.,.,.,.,.,.,.,.,.,.,.,.,.,.,.,.,.,.,100,100,100,100,100,98.66,100,.,.,.,.,.,.,.,.,.,.,.,.,.,.,.,.,.,.,.,.,.,98.42,.,.,83.81,.,.,99.93,.,99.94,100,.,.,.,.,.,.,.,.,.,.,99.76,100,100,100,100,100,100,99.83,100,100,100,100,100,100,100,100,.,.,.,.,.,100,100,100,100,100,100,100,100,100,100,100,.,.,.,.,.,.,.,.,.,.,.,.,.,.,.,.,.,.,.,.,.,.,.,.,.,.,100,.,.,.,.,.,.,.,.,.,.,.,.,.,.,.,.,.,.,.,.,.,.,.,.,.,.,.,.,.,.,.,.,99.74,100,100,100,100,.,.,.,.,.,.,.,.,100
fS170a.fasta,46,.,.,.,.,.,.,.,.,.,.,.,.,.,.,.,.,.,.,.,.,.,.,.,.,.,.,.,.,.,.,.,.,.,.,.,.,.,.,.,.,.,.,.,100,100,100,100,100,98.66,100,.,.,.,.,.,.,.,.,.,.,.,.,.,.,.,.,.,.,.,.,.,98.42,.,.,83.81,.,.,99.93,.,99.94,100,.,.,.,.,.,.,.,.,.,.,99.76,100,100,100,100,100,100,99.83,100,100,100,100,100,100,100,100,.,.,.,.,.,100,100,100,100,100,100,100,100,100,100,100,.,.,.,.,.,.,.,.,.,.,.,.,.,.,.,.,.,.,.,.,.,.,.,.,.,.,100,.,.,.,.,.,.,.,.,.,.,.,.,.,.,.,.,.,.,.,.,.,.,.,.,.,.,.,.,.,.,.,.,99.74,100,100,100,100,.,.,.,.,.,.,.,.,100
fS171a.fasta,46,.,.,.,.,.,.,.,.,.,.,.,.,.,.,.,.,.,.,.,.,.,.,.,.,.,.,.,.,.,.,.,.,.,.,.,.,.,.,.,.,.,.,.,100,100,100,100,100,98.66,100,.,.,.,.,.,.,.,.,.,.,.,.,.,.,.,.,.,.,.,.,.,98.42,.,.,83.81,.,.,99.93,.,99.94,100,.,.,.,.,.,.,.,.,.,.,99.76,100,100,100,100,100,100,99.83,100,100,100,100,100,100,100,100,.,.,.,.,.,100,100,100,100,100,100,100,100,100,100,100,.,.,.,.,.,.,.,.,.,.,.,.,.,.,.,.,.,.,.,.,.,.,.,.,.,.,100,.,.,.,.,.,.,.,.,.,.,.,.,.,.,.,.,.,.,.,.,.,.,.,.,.,.,.,.,.,.,.,.,99.74,100,100,100,100,.,.,.,.,.,.,.,.,100
fS174a.fasta,73,.,.,.,.,.,.,.,.,.,.,.,.,.,.,.,.,.,.,100,100,100,100,100,.,.,.,.,.,.,.,.,.,.,.,.,.,.,.,.,.,89.22,.,.,100,100,100,100,100,99.28,100,100,100,100,100,100,100,100,100,100,100,100,100,100,100,100,100,100,100,100,100,.,100,.,.,83.73,100,.,99.86,.,99.94,100,.,.,.,.,100,.,.,.,.,.,.,100,100,100,100,100,100,.,100,100,100,99.66,100,100,100,100,.,.,.,.,.,100,100,100,100,100,100,100,100,100,100,100,.,.,.,.,.,.,.,.,.,.,.,.,.,.,.,.,.,.,.,.,100,.,.,.,99.85,.,100,.,.,.,.,.,.,.,.,.,.,.,.,.,.,.,100,100,100,100,.,.,.,.,.,.,.,.,.,.,.,98.57,.,.,.,.,.,.,.,.,.,.,.,.,.,.,.
fS177a.fasta,73,.,.,.,.,.,.,.,.,.,.,.,.,.,.,.,.,.,.,100,100,100,100,100,.,.,.,.,.,.,.,.,.,.,.,.,.,.,.,.,.,89.22,.,.,100,100,100,100,100,99.28,100,100,100,100,100,100,100,100,100,100,100,100,100,100,100,100,100,100,100,100,100,.,100,.,.,83.73,100,.,99.86,.,99.94,100,.,.,.,.,100,.,.,.,.,.,.,100,100,100,100,100,100,.,100,100,100,99.66,100,100,100,100,.,.,.,.,.,100,100,100,100,100,100,100,100,100,100,100,.,.,.,.,.,.,.,.,.,.,.,.,.,.,.,.,.,.,.,.,100,.,.,.,99.85,.,100,.,.,.,.,.,.,.,.,.,.,.,.,.,.,.,100,100,100,100,.,.,.,.,.,.,.,.,.,.,.,98.57,.,.,.,.,.,.,.,.,.,.,.,.,.,.,.
fS190a.fasta,47,.,.,.,.,.,.,.,.,.,.,.,.,.,.,.,.,100,.,.,.,.,.,.,.,.,.,.,.,.,.,.,.,.,.,.,.,.,.,.,.,.,.,.,100,100,100,100,100,99.28,100,.,.,.,.,.,.,.,.,.,.,.,.,.,.,.,.,.,.,.,.,.,100,100,.,83.65,.,.,100,.,99.94,100,.,.,.,.,.,.,.,.,.,.,99.88,100,100,100,100,100,100,.,100,100,100,99.66,100,100,100,100,.,.,.,.,.,100,100,100,100,100,100,100,100,100,100,100,.,.,.,.,.,.,.,.,.,.,.,.,.,.,.,.,.,.,.,.,.,.,.,.,.,.,100,.,.,.,.,.,.,.,.,.,.,.,.,.,.,.,.,.,.,.,.,.,.,.,.,.,.,.,.,.,.,.,.,99.74,100,100,100,100,.,.,.,.,.,.,.,.,100
fS191a.fasta,57,.,.,100,100,.,.,.,.,.,.,.,.,.,.,.,.,.,.,.,.,.,.,.,.,.,.,.,.,.,.,.,.,.,100,100,.,.,100,99.64,100,.,.,.,100,100,100,100,100,99.28,100,.,.,.,.,.,.,.,.,.,.,.,.,.,.,.,.,.,.,.,.,.,100,.,.,83.81,.,.,100,.,99.94,100,.,.,.,.,.,.,.,.,.,.,99.76,100,100,100,100,100,100,99.83,100,100,100,100,100,100,100,100,.,.,.,.,.,100,100,100,100,100,100,100,100,100,100,100,.,.,.,.,.,.,.,.,.,.,.,.,100,100,100,98.8,.,.,.,.,.,.,.,.,.,.,100,.,.,.,.,.,.,.,.,.,.,.,.,.,.,.,.,.,.,.,.,.,.,.,.,.,.,.,.,.,.,.,.,99.74,100,100,100,100,.,.,.,.,.,.,.,.,100
fS24a.fasta,51,100,.,.,.,.,.,.,.,.,99.4,100,100,100,.,.,.,.,.,.,.,.,.,.,.,.,.,.,.,.,.,.,.,.,.,.,.,.,.,.,.,.,.,.,100,100,100,100,100,98.66,100,.,.,.,.,.,.,.,.,.,.,.,.,.,.,.,.,.,.,.,.,.,98.42,.,.,83.81,.,.,99.93,.,99.94,100,.,.,.,.,.,.,.,.,.,.,99.76,100,100,100,100,100,100,100,100,100,100,100,100,100,100,100,.,.,.,.,.,100,100,100,100,100,100,100,100,100,100,100,.,.,.,.,.,.,.,.,.,.,.,.,.,.,.,.,.,.,.,.,.,.,.,.,.,.,100,.,.,.,.,.,.,.,.,.,.,.,.,.,.,.,.,.,.,.,.,.,.,.,.,.,.,.,.,.,.,.,.,99.74,100,100,100,100,.,.,.,.,.,.,.,.,100
fS25a.fasta,74,.,.,.,.,.,.,.,.,.,.,.,.,.,.,.,.,.,.,100,100,100,100,100,.,.,.,.,.,.,.,.,.,.,.,.,.,.,.,.,.,89.22,.,.,100,100,100,100,100,99.28,100,100,100,100,100,100,100,100,100,100,100,100,100,100,100,100,100,100,100,100,100,.,100,.,99.49,83.73,100,99.91,99.86,.,99.94,100,.,.,.,.,100,.,.,.,.,.,.,100,100,100,100,100,100,.,100,100,100,99.66,100,100,100,100,.,.,.,.,.,100,100,100,100,100,100,100,100,100,100,100,.,.,.,.,.,.,.,.,.,.,.,.,.,.,.,.,.,.,.,.,.,.,.,.,99.85,.,100,.,.,.,.,.,.,.,.,.,.,.,.,.,.,.,100,100,100,100,.,.,.,.,.,.,.,.,.,.,.,98.57,.,.,.,.,.,.,.,.,.,.,.,.,.,.,.
fS34a.fasta,51,.,.,.,.,.,.,.,.,.,.,.,.,.,.,.,.,.,.,.,.,.,.,.,.,.,.,.,.,.,.,.,.,.,.,.,.,.,.,.,.,.,.,.,100,100,100,100,100,99.28,100,.,.,.,.,.,.,.,.,.,.,.,.,.,.,.,.,.,.,.,.,.,100,.,.,83.81,.,.,99.93,.,99.94,100,.,.,.,.,.,.,.,.,.,.,99.41,100,100,100,100,100,100,.,100,100,100,99.66,100,100,99.78,100,.,.,.,.,.,100,100,100,100,100,100,100,100,100,100,100,.,.,.,.,.,.,.,.,.,.,.,.,100,100,100,100,100,.,.,.,.,.,.,.,.,.,100,.,.,.,.,.,.,.,.,.,.,.,.,.,.,.,.,.,.,.,.,.,.,.,.,.,.,.,.,100,.,.,.,99.74,100,100,100,100,.,.,.,.,.,.,.,.,100
fS35a.fasta,32,.,.,.,.,.,.,.,.,.,.,.,.,.,.,.,.,100,.,.,.,.,.,.,.,.,.,.,.,.,.,.,.,.,.,.,.,.,.,.,.,.,.,.,100,100,100,100,100,99.28,100,.,.,.,.,.,.,.,.,.,.,.,.,.,.,.,.,.,.,.,.,.,100,100,.,83.65,.,.,100,.,99.94,100,.,.,.,.,.,.,.,.,.,.,.,100,100,100,100,100,100,.,.,.,.,.,.,.,.,.,.,.,.,.,100,.,.,.,.,.,.,.,.,.,.,.,.,.,.,.,.,.,.,.,.,.,100,100,.,.,.,.,.,.,.,.,.,.,.,.,.,.,100,.,.,.,.,.,.,.,.,.,.,.,.,.,.,.,.,.,.,.,.,.,.,.,.,.,.,.,.,.,.,.,.,.,.,.,.,.,100,100,100,100,100,100,100,100,.
fS37a.fasta,77,100,.,.,.,.,.,.,.,.,.,100,100,100,.,.,.,100,.,.,.,.,.,.,.,100,.,100,100,100,.,100,.,.,.,.,.,.,.,.,.,.,.,.,100,100,100,100,100,99.28,100,.,.,.,.,.,.,.,.,.,.,.,.,.,.,.,.,.,.,.,.,.,100,100,.,99.44,.,.,100,.,100,100,97.48,100,100,100,.,.,.,.,.,.,100,100,100,100,100,100,100,100,100,100,100,100,100,100,100,100,.,.,.,.,100,100,100,100,100,100,100,100,100,100,100,99.76,.,.,.,.,.,.,.,.,.,.,100,100,.,.,.,.,.,100,100,.,.,.,.,.,.,.,100,.,.,.,.,.,.,.,.,.,.,.,.,.,.,.,.,.,.,.,.,.,.,.,.,100,.,100,100,.,.,.,.,99.74,100,100,100,100,100,100,100,100,100,100,100,100,100
fS39a.fasta,77,100,.,.,.,.,.,.,.,.,.,100,100,100,.,.,.,100,.,.,.,.,.,.,.,100,.,100,100,100,.,100,.,.,.,.,.,.,.,.,.,.,.,.,100,100,100,100,100,99.28,100,.,.,.,.,.,.,.,.,.,.,.,.,.,.,.,.,.,.,.,.,.,100,100,.,99.44,.,.,100,.,100,100,97.48,100,100,100,.,.,.,.,.,.,100,100,100,100,100,100,100,100,100,100,100,100,100,100,100,100,.,.,.,.,100,100,100,100,100,100,100,100,100,100,100,99.76,.,.,.,.,.,.,.,.,.,.,100,100,.,.,.,.,.,100,100,.,.,.,.,.,.,.,100,.,.,.,.,.,.,.,.,.,.,.,.,.,.,.,.,.,.,.,.,.,.,.,.,100,.,100,100,.,.,.,.,99.74,100,100,100,100,100,100,100,100,100,100,100,100,100
fS41a.fasta,77,100,.,.,.,.,.,.,.,.,.,100,100,100,.,.,.,100,.,.,.,.,.,.,.,100,.,100,100,100,.,100,.,.,.,.,.,.,.,.,.,.,.,.,100,100,100,100,100,99.28,100,.,.,.,.,.,.,.,.,.,.,.,.,.,.,.,.,.,.,.,.,.,100,100,.,99.44,.,.,100,.,100,100,97.48,100,100,100,.,.,.,.,.,.,100,100,100,100,100,100,100,100,100,100,100,100,100,100,100,100,.,.,.,.,100,100,100,100,100,100,100,100,100,100,100,99.76,.,.,.,.,.,.,.,.,.,.,100,100,.,.,.,.,.,100,100,.,.,.,.,.,.,.,100,.,.,.,.,.,.,.,.,.,.,.,.,.,.,.,.,.,.,.,.,.,.,.,.,100,.,100,100,.,.,.,.,99.74,100,100,100,100,100,100,100,100,100,100,100,100,100
fS42a.fasta,28,.,.,.,.,.,.,.,.,.,.,.,.,.,.,.,.,100,.,.,.,.,.,.,.,.,.,.,.,.,.,.,.,.,.,.,.,.,.,.,.,.,.,.,100,100,100,100,100,99.28,100,.,.,.,.,.,.,.,.,.,.,.,.,.,.,.,.,.,.,.,.,.,100,100,.,83.65,.,.,100,.,99.94,100,.,.,.,.,.,.,.,.,.,.,99.88,100,100,100,100,100,100,.,.,.,.,.,.,.,.,.,.,.,.,.,.,.,.,.,.,.,.,.,.,.,.,.,.,.,.,.,.,.,.,.,.,.,.,.,.,.,.,.,.,.,.,.,.,.,.,.,.,.,100,.,.,.,.,.,.,.,.,.,.,.,.,.,.,.,.,.,.,.,.,.,.,.,.,.,.,.,.,.,.,.,.,99.74,100,100,100,100,.,.,.,.,.,.,.,.,100
fS46a.fasta,77,100,.,.,.,.,.,.,.,.,.,100,100,100,.,.,.,100,.,.,.,.,.,.,.,100,.,100,100,100,.,100,.,.,.,.,.,.,.,.,.,.,.,.,100,100,100,100,100,99.28,100,.,.,.,.,.,.,.,.,.,.,.,.,.,.,.,.,.,.,.,.,.,100,100,.,99.44,.,.,100,.,100,100,97.48,100,100,100,.,.,.,.,.,.,100,100,100,100,100,100,100,100,100,100,100,100,100,100,100,100,.,.,.,.,100,100,100,100,100,100,100,100,100,100,100,99.76,.,.,.,.,.,.,.,.,.,.,100,100,.,.,.,.,.,100,100,.,.,.,.,.,.,.,100,.,.,.,.,.,.,.,.,.,.,.,.,.,.,.,.,.,.,.,.,.,.,.,.,100,.,100,100,.,.,.,.,99.74,100,100,100,100,100,100,100,100,100,100,100,100,100
fS4a.fasta,51,.,.,.,.,.,.,.,.,.,.,.,.,.,.,.,.,.,.,.,.,.,.,.,.,.,.,.,.,.,.,.,.,.,.,.,.,.,.,.,.,.,.,.,100,100,100,100,100,99.28,100,.,.,.,.,.,.,.,.,.,.,.,.,.,.,.,.,.,.,.,.,.,100,.,.,83.81,.,.,99.93,.,99.94,100,.,.,.,.,.,.,.,.,.,.,99.41,100,100,100,100,100,100,.,100,100,100,99.66,100,100,99.78,100,.,.,.,.,.,100,100,100,100,100,100,100,100,100,100,100,.,.,.,.,.,.,.,.,.,.,.,.,100,100,100,100,100,.,.,.,.,.,.,.,.,.,100,.,.,.,.,.,.,.,.,.,.,.,.,.,.,.,.,.,.,.,.,.,.,.,.,.,.,.,.,100,.,.,.,99.74,100,100,100,100,.,.,.,.,.,.,.,.,100
fS50a.fasta,57,.,.,100,100,.,.,.,.,.,.,.,.,.,.,.,.,.,.,.,.,.,.,.,.,.,.,.,.,.,.,.,.,.,100,100,.,.,100,99.64,100,.,.,.,100,100,100,100,100,99.28,100,.,.,.,.,.,.,.,.,.,.,.,.,.,.,.,.,.,.,.,.,.,100,.,.,83.81,.,.,100,.,99.94,100,.,.,.,.,.,.,.,.,.,.,99.76,100,100,100,100,100,100,99.83,100,100,100,100,100,100,100,100,.,.,.,.,.,100,100,100,100,100,100,100,100,100,100,100,.,.,.,.,.,.,.,.,.,.,.,.,100,100,100,98.8,.,.,.,.,.,.,.,.,.,.,100,.,.,.,.,.,.,.,.,.,.,.,.,.,.,.,.,.,.,.,.,.,.,.,.,.,.,.,.,.,.,.,.,99.74,100,100,100,100,.,.,.,.,.,.,.,.,100
fS54a.fasta,57,.,.,100,100,.,.,.,.,.,.,.,.,.,.,.,.,.,.,.,.,.,.,.,.,.,.,.,.,.,.,.,.,.,100,100,.,.,100,99.64,100,.,.,.,100,100,100,100,100,99.28,100,.,.,.,.,.,.,.,.,.,.,.,.,.,.,.,.,.,.,.,.,.,100,.,.,83.81,.,.,100,.,99.94,100,.,.,.,.,.,.,.,.,.,.,99.76,100,100,100,100,100,100,99.83,100,100,100,100,100,100,100,100,.,.,.,.,.,100,100,100,100,100,100,100,100,100,100,100,.,.,.,.,.,.,.,.,.,.,.,.,100,100,100,98.8,.,.,.,.,.,.,.,.,.,.,100,.,.,.,.,.,.,.,.,.,.,.,.,.,.,.,.,.,.,.,.,.,.,.,.,.,.,.,.,.,.,.,.,99.74,100,100,100,100,.,.,.,.,.,.,.,.,100
fS56a.fasta,28,.,.,.,.,.,.,.,.,.,.,.,.,.,.,.,.,.,.,.,.,.,.,.,.,.,.,.,.,.,.,.,.,.,.,.,.,.,.,.,.,.,.,.,100,100,100,100,100,99.28,100,.,.,.,.,.,.,.,.,.,.,.,.,.,.,.,.,.,.,.,.,.,100,.,.,83.81,.,.,100,.,99.94,100,.,.,.,.,.,.,.,.,.,.,.,100,100,100,100,100,100,100,100,100,100,100,100,100,100,100,.,.,.,.,.,.,.,.,.,.,.,.,.,.,.,.,.,.,.,.,.,.,.,.,.,.,.,.,.,.,.,.,.,.,.,.,.,.,.,.,.,.,100,.,.,.,.,.,.,.,.,.,.,.,.,.,.,.,.,.,.,.,.,.,.,.,.,.,.,.,.,.,.,.,.,.,.,.,.,.,.,.,.,.,.,.,.,.,.
fS58a.fasta,46,.,.,.,.,.,.,.,.,.,.,.,.,.,.,.,.,.,.,.,.,.,.,.,.,.,.,.,.,.,.,.,.,.,.,.,.,.,.,.,.,.,.,.,100,100,100,100,100,98.66,100,.,.,.,.,.,.,.,.,.,.,.,.,.,.,.,.,.,.,.,.,.,98.42,.,.,83.81,.,.,99.93,.,99.94,100,.,.,.,.,.,.,.,.,.,.,99.76,100,100,100,100,100,100,99.83,100,100,100,100,100,100,100,100,.,.,.,.,.,100,100,100,100,100,100,100,100,100,100,100,.,.,.,.,.,.,.,.,.,.,.,.,.,.,.,.,.,.,.,.,.,.,.,.,.,.,100,.,.,.,.,.,.,.,.,.,.,.,.,.,.,.,.,.,.,.,.,.,.,.,.,.,.,.,.,.,.,.,.,99.74,100,100,100,100,.,.,.,.,.,.,.,.,100
fS62a.fasta,77,100,.,.,.,.,.,.,.,.,.,100,100,100,.,.,.,100,.,.,.,.,.,.,.,100,.,100,100,100,.,100,.,.,.,.,.,.,.,.,.,.,.,.,100,100,100,100,100,99.28,100,.,.,.,.,.,.,.,.,.,.,.,.,.,.,.,.,.,.,.,.,.,100,100,.,99.44,.,.,100,.,100,100,97.48,100,100,100,.,.,.,.,.,.,100,100,100,100,100,100,100,100,100,100,100,100,100,100,100,100,.,.,.,.,100,100,100,100,100,100,100,100,100,100,100,99.76,.,.,.,.,.,.,.,.,.,.,100,100,.,.,.,.,.,100,100,.,.,.,.,.,.,.,100,.,.,.,.,.,.,.,.,.,.,.,.,.,.,.,.,.,.,.,.,.,.,.,.,100,.,100,100,.,.,.,.,99.74,100,100,100,100,100,100,100,100,100,100,100,100,100
fS63b.fasta,77,100,.,.,.,.,.,.,.,.,.,100,100,100,.,.,.,100,.,.,.,.,.,.,.,100,.,100,100,100,.,100,.,.,.,.,.,.,.,.,.,.,.,.,100,100,100,100,100,99.28,100,.,.,.,.,.,.,.,.,.,.,.,.,.,.,.,.,.,.,.,.,.,100,100,.,99.44,.,.,100,.,100,100,97.48,100,100,100,.,.,.,.,.,.,100,100,100,100,100,100,100,100,100,100,100,100,100,100,100,100,.,.,.,.,100,100,100,100,100,100,100,100,100,100,100,99.76,.,.,.,.,.,.,.,.,.,.,100,100,.,.,.,.,.,100,100,.,.,.,.,.,.,.,100,.,.,.,.,.,.,.,.,.,.,.,.,.,.,.,.,.,.,.,.,.,.,.,.,100,.,100,100,.,.,.,.,99.74,100,100,100,100,100,100,100,100,100,100,100,100,100
fS64a.fasta,77,100,.,.,.,.,.,.,.,.,.,100,100,100,.,.,.,100,.,.,.,.,.,.,.,100,.,100,100,100,.,100,.,.,.,.,.,.,.,.,.,.,.,.,100,100,100,100,100,99.28,100,.,.,.,.,.,.,.,.,.,.,.,.,.,.,.,.,.,.,.,.,.,100,100,.,99.44,.,.,100,.,100,100,97.48,100,100,100,.,.,.,.,.,.,100,100,100,100,100,100,100,100,100,100,100,100,100,100,100,100,.,.,.,.,100,100,100,100,100,100,100,100,100,100,100,99.76,.,.,.,.,.,.,.,.,.,.,100,100,.,.,.,.,.,100,100,.,.,.,.,.,.,.,100,.,.,.,.,.,.,.,.,.,.,.,.,.,.,.,.,.,.,.,.,.,.,.,.,100,.,100,100,.,.,.,.,99.74,100,100,100,100,100,100,100,100,100,100,100,100,100
fS6a.fasta,47,.,.,.,.,.,.,.,.,.,.,.,.,.,.,.,.,100,.,.,.,.,.,.,.,.,.,.,.,.,.,.,.,.,.,.,.,.,.,.,.,.,.,.,100,100,100,100,100,99.28,100,.,.,.,.,.,.,.,.,.,.,.,.,.,.,.,.,.,.,.,.,.,100,100,.,83.65,.,.,100,.,99.94,100,.,.,.,.,.,.,.,.,.,.,99.88,100,100,100,100,100,100,.,100,100,100,99.66,100,100,100,100,.,.,.,.,100,.,.,.,.,.,.,.,.,.,.,.,.,.,.,.,.,.,.,.,.,.,100,100,.,.,.,.,.,.,.,.,.,.,.,.,.,.,100,.,.,.,.,.,.,.,.,.,.,.,.,.,.,.,.,.,.,.,.,.,.,.,.,.,.,.,.,.,.,.,.,99.74,100,100,100,100,100,100,100,100,100,100,100,100,100
fS70a.fasta,51,.,.,.,.,.,.,.,.,.,.,.,.,.,.,.,.,.,.,.,.,.,.,.,.,.,.,.,.,.,.,.,.,.,.,.,.,.,.,.,.,.,.,.,100,100,100,100,100,99.28,100,.,.,.,.,.,.,.,.,.,.,.,.,.,.,.,.,.,.,.,.,.,100,.,.,83.81,.,.,99.93,.,99.94,100,.,.,.,.,.,.,.,.,.,.,99.41,100,100,100,100,100,100,.,100,100,100,99.66,100,100,99.78,100,.,.,.,.,.,100,100,100,100,100,100,100,100,100,100,100,.,.,.,.,.,.,.,.,.,.,.,.,100,100,100,100,100,.,.,.,.,.,.,.,.,.,100,.,.,.,.,.,.,.,.,.,.,.,.,.,.,.,.,.,.,.,.,.,.,.,.,.,.,.,.,100,.,.,.,99.74,100,100,100,100,.,.,.,.,.,.,.,.,100
fS72b.fasta,57,.,.,100,100,.,.,.,.,.,.,.,.,.,.,.,.,.,.,.,.,.,.,.,.,.,.,.,.,.,.,.,.,.,100,100,.,.,100,99.64,100,.,.,.,100,100,100,100,100,99.28,100,.,.,.,.,.,.,.,.,.,.,.,.,.,.,.,.,.,.,.,.,.,100,.,.,83.81,.,.,100,.,99.94,100,.,.,.,.,.,.,.,.,.,.,99.76,100,100,100,100,100,100,99.83,100,100,100,100,100,100,100,100,.,.,.,.,.,100,100,100,100,100,100,100,100,100,100,100,.,.,.,.,.,.,.,.,.,.,.,.,100,100,100,98.8,.,.,.,.,.,.,.,.,.,.,100,.,.,.,.,.,.,.,.,.,.,.,.,.,.,.,.,.,.,.,.,.,.,.,.,.,.,.,.,.,.,.,.,99.74,100,100,100,100,.,.,.,.,.,.,.,.,100
fS73a.fasta,57,.,.,100,100,.,.,.,.,.,.,.,.,.,.,.,.,.,.,.,.,.,.,.,.,.,.,.,.,.,.,.,.,.,100,100,.,.,100,99.64,100,.,.,.,100,100,100,100,100,99.28,100,.,.,.,.,.,.,.,.,.,.,.,.,.,.,.,.,.,.,.,.,.,100,.,.,83.81,.,.,100,.,99.94,100,.,.,.,.,.,.,.,.,.,.,99.76,100,100,100,100,100,100,99.83,100,100,100,100,100,100,100,100,.,.,.,.,.,100,100,100,100,100,100,100,100,100,100,100,.,.,.,.,.,.,.,.,.,.,.,.,100,100,100,98.8,.,.,.,.,.,.,.,.,.,.,100,.,.,.,.,.,.,.,.,.,.,.,.,.,.,.,.,.,.,.,.,.,.,.,.,.,.,.,.,.,.,.,.,99.74,100,100,100,100,.,.,.,.,.,.,.,.,100
fS74a.fasta,77,100,.,.,.,.,.,.,.,.,.,100,100,100,.,.,.,100,.,.,.,.,.,.,.,100,.,100,100,100,.,100,.,.,.,.,.,.,.,.,.,.,.,.,100,100,100,100,100,99.28,100,.,.,.,.,.,.,.,.,.,.,.,.,.,.,.,.,.,.,.,.,.,100,100,.,99.44,.,.,100,.,100,100,97.48,100,100,100,.,.,.,.,.,.,100,100,100,100,100,100,100,100,100,100,100,100,100,100,100,100,.,.,.,.,100,100,100,100,100,100,100,100,100,100,100,99.76,.,.,.,.,.,.,.,.,.,.,100,100,.,.,.,.,.,100,100,.,.,.,.,.,.,.,100,.,.,.,.,.,.,.,.,.,.,.,.,.,.,.,.,.,.,.,.,.,.,.,.,100,.,100,100,.,.,.,.,99.74,100,100,100,100,100,100,100,100,100,100,100,100,100
fS79a.fasta,57,.,.,100,100,.,.,.,.,.,.,.,.,.,.,.,.,.,.,.,.,.,.,.,.,.,.,.,.,.,.,.,.,.,100,100,.,.,100,99.64,100,.,.,.,100,100,100,100,100,99.28,100,.,.,.,.,.,.,.,.,.,.,.,.,.,.,.,.,.,.,.,.,.,100,.,.,83.81,.,.,100,.,99.94,100,.,.,.,.,.,.,.,.,.,.,99.76,100,100,100,100,100,100,99.83,100,100,100,100,100,100,100,100,.,.,.,.,.,100,100,100,100,100,100,100,100,100,100,100,.,.,.,.,.,.,.,.,.,.,.,.,100,100,100,98.8,.,.,.,.,.,.,.,.,.,.,100,.,.,.,.,.,.,.,.,.,.,.,.,.,.,.,.,.,.,.,.,.,.,.,.,.,.,.,.,.,.,.,.,99.74,100,100,100,100,.,.,.,.,.,.,.,.,100
fS80a.fasta,74,.,.,.,.,.,.,.,.,.,.,.,.,.,.,.,.,.,.,100,100,100,100,100,.,.,.,.,.,.,.,.,.,.,.,.,.,.,.,.,.,89.22,.,.,100,100,100,100,100,99.28,100,100,100,100,100,100,100,100,100,100,100,100,100,100,100,100,100,100,100,100,100,.,100,.,99.49,83.73,100,99.91,99.86,.,99.94,100,.,.,.,.,100,.,.,.,.,.,.,100,100,100,100,100,100,.,100,100,100,99.66,100,100,100,100,.,.,.,.,.,100,100,100,100,100,100,100,100,100,100,100,.,.,.,.,.,.,.,.,.,.,.,.,.,.,.,.,.,.,.,.,.,.,.,.,99.85,.,100,.,.,.,.,.,.,.,.,.,.,.,.,.,.,.,100,100,100,100,.,.,.,.,.,.,.,.,.,.,.,98.57,.,.,.,.,.,.,.,.,.,.,.,.,.,.,.
fS81a.fasta,57,.,.,100,100,.,.,.,.,.,.,.,.,.,.,.,.,.,.,.,.,.,.,.,.,.,.,.,.,.,.,.,.,.,100,100,.,.,100,99.64,100,.,.,.,100,100,100,100,100,99.28,100,.,.,.,.,.,.,.,.,.,.,.,.,.,.,.,.,.,.,.,.,.,100,.,.,83.81,.,.,100,.,99.94,100,.,.,.,.,.,.,.,.,.,.,99.76,100,100,100,100,100,100,99.83,100,100,100,100,100,100,100,100,.,.,.,.,.,100,100,100,100,100,100,100,100,100,100,100,.,.,.,.,.,.,.,.,.,.,.,.,100,100,100,98.8,.,.,.,.,.,.,.,.,.,.,100,.,.,.,.,.,.,.,.,.,.,.,.,.,.,.,.,.,.,.,.,.,.,.,.,.,.,.,.,.,.,.,.,99.74,100,100,100,100,.,.,.,.,.,.,.,.,100
fS83a.fasta,78,.,100,100,100,100,100,.,.,.,.,.,.,.,.,.,.,100,.,.,.,.,.,.,100,100,100,100,100,100,100,100,.,.,100,.,.,.,.,.,100,.,.,.,100,100,100,85.86,100,100,100,.,.,.,.,.,.,.,.,.,.,.,.,.,.,.,.,.,.,.,.,.,.,.,.,.,.,.,.,.,.,.,.,.,.,.,.,.,.,.,.,.,99.93,100,100,100,100,100,100,99.83,.,100,100,100,100,100,100,100,.,.,.,.,100,100,100,100,100,100,100,100,100,100,100,99.76,.,.,.,.,.,.,.,.,.,.,100,100,100,100,100,98.8,.,100,100,.,.,.,.,.,.,.,100,99.68,.,.,.,.,.,.,100,.,.,100,.,.,100,99.91,.,.,.,.,.,.,.,.,.,.,.,.,.,.,.,.,.,99.74,100,100,100,100,100,100,100,100,100,100,100,100,100
fS84a.fasta,28,.,.,.,.,.,.,.,.,.,.,.,.,.,.,.,.,.,.,.,.,.,.,.,.,.,.,.,.,.,.,.,.,.,.,.,.,.,.,.,.,.,.,.,100,100,100,100,100,99.28,100,.,.,.,.,.,.,.,.,.,.,.,.,.,.,.,.,.,.,.,.,.,100,.,.,83.81,.,.,100,.,99.94,100,.,.,.,.,.,.,.,.,.,.,.,100,100,100,100,100,100,100,100,100,100,100,100,100,100,100,.,.,.,.,.,.,.,.,.,.,.,.,.,.,.,.,.,.,.,.,.,.,.,.,.,.,.,.,.,.,.,.,.,.,.,.,.,.,.,.,.,.,100,.,.,.,.,.,.,.,.,.,.,.,.,.,.,.,.,.,.,.,.,.,.,.,.,.,.,.,.,.,.,.,.,.,.,.,.,.,.,.,.,.,.,.,.,.,.
fS85a.fasta,78,.,100,100,100,100,.,.,.,.,.,.,.,.,.,.,.,100,.,.,.,.,.,.,100,100,100,100,100,100,100,100,.,.,100,.,.,.,.,.,100,.,.,.,100,100,100,85.86,100,99.28,100,.,.,.,.,.,.,.,.,.,.,.,.,.,.,.,.,.,.,.,.,.,.,.,.,.,.,.,.,.,.,.,.,.,.,.,.,.,.,.,.,.,99.93,100,100,100,100,100,100,99.83,100,100,100,100,100,100,100,100,.,.,.,.,100,100,100,100,100,100,100,100,100,100,100,99.76,.,.,.,.,.,.,.,.,.,.,100,89.78,100,100,100,98.8,.,100,100,.,.,.,.,.,.,.,100,99.68,.,.,.,.,.,.,100,.,.,100,.,.,100,99.91,.,.,.,.,.,.,.,.,.,.,.,.,.,.,.,.,.,99.74,100,100,100,100,100,100,100,100,100,100,100,100,100
fS86a.fasta,78,.,100,100,100,100,.,.,.,.,.,.,.,.,.,.,.,100,.,.,.,.,.,.,100,100,100,100,100,100,100,100,.,.,100,.,.,.,.,.,100,.,.,.,100,100,100,85.86,100,99.28,100,.,.,.,.,.,.,.,.,.,.,.,.,.,.,.,.,.,.,.,.,.,.,.,.,.,.,.,.,.,.,.,.,.,.,.,.,.,.,.,.,.,99.93,100,100,100,100,100,100,99.83,100,100,100,100,100,100,100,100,.,.,.,.,100,100,100,100,100,100,100,100,100,100,100,99.76,.,.,.,.,.,.,.,.,.,.,100,89.78,100,100,100,98.8,.,100,100,.,.,.,.,.,.,.,100,99.68,.,.,.,.,.,.,100,.,.,100,.,.,100,99.91,.,.,.,.,.,.,.,.,.,.,.,.,.,.,.,.,.,99.74,100,100,100,100,100,100,100,100,100,100,100,100,100
fS92a.fasta,78,.,.,.,.,.,.,.,.,.,.,.,.,.,.,.,.,100,.,.,.,.,.,.,100,100,100,100,100,100,100,100,.,.,.,.,.,.,.,.,.,.,.,.,100,100,100,85.86,100,100,100,.,.,.,.,.,.,.,.,.,.,.,.,.,.,.,.,.,.,.,.,.,.,.,.,.,.,.,.,.,.,.,.,.,.,.,.,.,.,.,.,.,99.93,100,100,100,100,100,100,99.83,.,100,100,100,100,100,100,100,.,.,.,.,100,100,100,100,100,100,100,100,100,100,100,99.05,.,.,.,.,.,.,.,.,.,.,100,100,100,100,100,98.8,.,100,100,.,.,.,.,.,.,.,100,100,100,100,.,100,100,91.67,100.00;100.00,100,100,100.00;100.00,.,.,100,99.91,.,.,.,.,.,.,.,.,.,.,.,.,.,.,.,.,.,99.74,100,100,100,100,100,100,100,100,100,100,100,100,100
fS93a.fasta,77,100,.,.,.,.,.,.,.,.,.,100,100,100,.,.,.,100,.,.,.,.,.,.,.,100,.,100,100,100,.,100,.,.,.,.,.,.,.,.,.,.,.,.,100,100,100,100,100,99.28,100,.,.,.,.,.,.,.,.,.,.,.,.,.,.,.,.,.,.,.,.,.,100,100,.,99.44,.,.,100,.,100,100,97.48,100,100,100,.,.,.,.,.,.,100,100,100,100,100,100,100,100,100,100,100,100,100,100,100,100,.,.,.,.,100,100,100,100,100,100,100,100,100,100,100,99.76,.,.,.,.,.,.,.,.,.,.,100,100,.,.,.,.,.,100,100,.,.,.,.,.,.,.,100,.,.,.,.,.,.,.,.,.,.,.,.,.,.,.,.,.,.,.,.,.,.,.,.,100,.,100,100,.,.,.,.,99.74,100,100,100,100,100,100,100,100,100,100,100,100,100
fS95a.fasta,74,.,.,.,.,.,.,.,.,.,.,.,.,.,.,.,.,.,.,100,100,100,100,100,.,.,.,.,.,.,.,.,.,.,.,.,.,.,.,.,.,89.22,.,.,100,100,100,100,100,99.28,100,100,100,100,100,100,100,100,100,100,100,100,100,100,100,100,100,100,100,100,100,.,100,.,99.49,83.73,100,99.91,99.86,.,99.94,100,.,.,.,.,100,.,.,.,.,.,.,100,100,100,100,100,100,.,100,100,100,99.66,100,100,100,100,.,.,.,.,.,100,100,100,100,100,100,100,100,100,100,100,.,.,.,.,.,.,.,.,.,.,.,.,.,.,.,.,.,.,.,.,.,.,.,.,99.85,.,100,.,.,.,.,.,.,.,.,.,.,.,.,.,.,.,100,100,100,100,.,.,.,.,.,.,.,.,.,.,.,98.57,.,.,.,.,.,.,.,.,.,.,.,.,.,.,.
fS97a.fasta,77,100,.,.,.,.,.,.,.,.,.,100,100,100,.,.,.,100,.,.,.,.,.,.,.,100,.,100,100,100,.,100,.,.,.,.,.,.,.,.,.,.,.,.,100,100,100,100,100,99.28,100,.,.,.,.,.,.,.,.,.,.,.,.,.,.,.,.,.,.,.,.,.,100,100,.,99.44,.,.,100,.,100,100,97.48,100,100,100,.,.,.,.,.,.,100,100,100,100,100,100,100,100,100,100,100,100,100,100,100,100,.,.,.,.,100,100,100,100,100,100,100,100,100,100,100,99.76,.,.,.,.,.,.,.,.,.,.,100,100,.,.,.,.,.,100,100,.,.,.,.,.,.,.,100,.,.,.,.,.,.,.,.,.,.,.,.,.,.,.,.,.,.,.,.,.,.,.,.,100,.,100,100,.,.,.,.,99.74,100,100,100,100,100,100,100,100,100,100,100,100,100
fS99a.fasta,77,100,.,.,.,.,.,.,.,.,.,100,100,100,.,.,.,100,.,.,.,.,.,.,.,100,.,100,100,100,.,100,.,.,.,.,.,.,.,.,.,.,.,.,100,100,100,100,100,99.28,100,.,.,.,.,.,.,.,.,.,.,.,.,.,.,.,.,.,.,.,.,.,100,100,.,99.44,.,.,100,.,100,100,97.48,100,100,100,.,.,.,.,.,.,100,100,100,100,100,100,100,100,100,100,100,100,100,100,100,100,.,.,.,.,100,100,100,100,100,100,100,100,100,100,100,99.76,.,.,.,.,.,.,.,.,.,.,100,100,.,.,.,.,.,100,100,.,.,.,.,.,.,.,100,.,.,.,.,.,.,.,.,.,.,.,.,.,.,.,.,.,.,.,.,.,.,.,.,100,.,100,100,.,.,.,.,99.74,100,100,100,100,100,100,100,100,100,100,100,100,100
